Workbook

Sheet NAME
A1: Name | B1: BITS ID
A2: Keya Shah | B2: 2022ABPS1080P
A3: Sulakshya Mishra | B3: 2022B4TS1522P
A4: Anshuman Gupta | B4: 2022B3TS1519P
A5: Pranjal Jayaswal | B5: 2022B2TS1533P
A6: Renaissance Mukhopadhyay | B6: 2022A1PS0824P
A7: Jay Mittal | B7: 2021B4A41356P

Sheet Raw Data and Daily Price Change
M1: LOGARITHMIC PRICE CHANGES
A2: Date | B2: BASF | C2: RELIANCE | D2: HDFCBANK | E2: SUNPHARMA | F2: LT | G2: BASF Daily Returns | H2: RELIANCE Daily Returns | I2: HDFC BANK Daily Returns | J2: SUNPHARMA Daily Returns | K2: LT Daily Returns | L2: Logarithmic Price Change | M2: BASF logarithmic daily price change | N2: RELIANCE logarithmic daily Price Change | O2: HDFCBANK logarithmic daily Price Change | P2: SUNPHARMA logarithmic Daily Price Change | Q2: LT Logarithmic Daily Price Change | T2: Daily Mean Returns | W2: Daily Std Dev
A3: 44287 | B3: 2136.8999 | C3: 1866.1669 | D3: 1499.4 | E3: 610.75 | F3: 1432 | T3: BASF | U3: =AVERAGE(G4:G742) -> 0.00080359092 | W3: BASF | X3: =_xlfn.STDEV.S(G$4:G$742) -> 0.020219182
A4: 44291 | B4: 2034.95 | C4: 1839.1692 | D4: 1480 | E4: 608.79999 | F4: 1439 | G4: =(B4-B3)/B3 -> -0.047709278 | H4: =(C4-C3)/C3 -> -0.014466917 | I4: =(D4-D3)/D3 -> -0.012938525 | J4: =(E4-E3)/E3 -> -0.0031928154 | K4: =(F4-F3)/F3 -> 0.0048882682 | M4: =LN((B4/B3)) -> -0.04888491 | N4: =LN((C4/C3)) -> -0.014572583 | O4: =LN((D4/D3)) -> -0.013022956 | P4: =LN((E4/E3)) -> -0.0031979233 | Q4: =LN((F4/F3)) -> 0.0048763594 | T4: RELIANCE | U4: =AVERAGE(H4:H742) -> 0.00073487259 | W4: RELIANCE | X4: =_xlfn.STDEV.S(H4:H742) -> 0.014527249
A5: 44292 | B5: 2101.6499 | C5: 1831.5083 | D5: 1460 | E5: 620.45001 | F5: 1405.9 | G5: =(B5-B4)/B4 -> 0.032777195 | H5: =(C5-C4)/C4 -> -0.0041654069 | I5: =(D5-D4)/D4 -> -0.013513514 | J5: =(E5-E4)/E4 -> 0.019136045 | K5: =(F5-F4)/F4 -> -0.023002068 | M5: =LN((B5/B4)) -> 0.032251479 | N5: =LN((C5/C4)) -> -0.0041741064 | O5: =LN((D5/D4)) -> -0.013605652 | P5: =LN((E5/E4)) -> 0.018955254 | Q5: =LN((F5/F4)) -> -0.023270744 | T5: HDFCBANK | U5: =AVERAGE(I4:I742) -> 5.6524028e-05 | W5: HDFCBANK | X5: =_xlfn.STDEV.S(I4:I742) -> 0.014882213
A6: 44293 | B6: 2094.95 | C6: 1848.6299 | D6: 1439.3 | E6: 621.04999 | F6: 1402 | G6: =(B6-B5)/B5 -> -0.0031879482 | H6: =(C6-C5)/C5 -> 0.0093483508 | I6: =(D6-D5)/D5 -> -0.014178049 | J6: =(E6-E5)/E5 -> 0.00096700135 | K6: =(F6-F5)/F5 -> -0.0027740408 | M6: =LN((B6/B5)) -> -0.0031930405 | N6: =LN((C6/C5)) -> 0.0093049253 | O6: =LN((D6/D5)) -> -0.014279517 | P6: =LN((E6/E5)) -> 0.00096653411 | Q6: =LN((F6/F5)) -> -0.0027778956 | T6: SUNPHARMA | U6: =AVERAGE(J4:J742) -> 0.0014092431 | W6: SUNPHARMA | X6: =_xlfn.STDEV.S(J4:J742) -> 0.013333389
A7: 44294 | B7: 2094.6499 | C7: 1850.9374 | D7: 1453 | E7: 614.25 | F7: 1410 | G7: =(B7-B6)/B6 -> -0.0001432249 | H7: =(C7-C6)/C6 -> 0.001248219 | I7: =(D7-D6)/D6 -> 0.0095184816 | J7: =(E7-E6)/E6 -> -0.01094918 | K7: =(F7-F6)/F6 -> 0.0057061341 | M7: =LN((B7/B6)) -> -0.00014323516 | N7: =LN((C7/C6)) -> 0.0012474407 | O7: =LN((D7/D6)) -> 0.0094734663 | P7: =LN((E7/E6)) -> -0.011009563 | Q7: =LN((F7/F6)) -> 0.0056899158 | T7: LT | U7: =AVERAGE(K4:K742) -> 0.0013930082 | W7: LT | X7: =_xlfn.STDEV.S(K4:K742) -> 0.014534747
A8: 44295 | B8: 2068.8 | C8: 1829.4315 | D8: 1426 | E8: 636.75 | F8: 1414 | G8: =(B8-B7)/B7 -> -0.012340894 | H8: =(C8-C7)/C7 -> -0.011618901 | I8: =(D8-D7)/D7 -> -0.018582244 | J8: =(E8-E7)/E7 -> 0.036630037 | K8: =(F8-F7)/F7 -> 0.0028368794 | M8: =LN((B8/B7)) -> -0.012417675 | N8: =LN((C8/C7)) -> -0.011686928 | O8: =LN((D8/D7)) -> -0.018757063 | P8: =LN((E8/E7)) -> 0.035975102 | Q8: =LN((F8/F7)) -> 0.0028328631
A9: 44298 | B9: 1940.4 | C9: 1763.9908 | D9: 1393 | E9: 619.34998 | F9: 1393.95 | G9: =(B9-B8)/B8 -> -0.062064976 | H9: =(C9-C8)/C8 -> -0.035771043 | I9: =(D9-D8)/D8 -> -0.023141655 | J9: =(E9-E8)/E8 -> -0.027326304 | K9: =(F9-F8)/F8 -> -0.014179667 | M9: =LN((B9/B8)) -> -0.064074603 | N9: =LN((C9/C8)) -> -0.036426506 | O9: =LN((D9/D8)) -> -0.023413627 | P9: =LN((E9/E8)) -> -0.027706612 | Q9: =LN((F9/F8)) -> -0.014281159 | T9: Annualised Mean Returns | W9: Annual Std Dev
A10: 44299 | B10: 2118.3501 | C10: 1783.0508 | D10: 1368 | E10: 627.34998 | F10: 1347.25 | G10: =(B10-B9)/B9 -> 0.091707932 | H10: =(C10-C9)/C9 -> 0.010805008 | I10: =(D10-D9)/D9 -> -0.017946877 | J10: =(E10-E9)/E9 -> 0.012916768 | K10: =(F10-F9)/F9 -> -0.033501885 | M10: =LN((B10/B9)) -> 0.08774338 | N10: =LN((C10/C9)) -> 0.010747051 | O10: =LN((D10/D9)) -> -0.018109876 | P10: =LN((E10/E9)) -> 0.012834058 | Q10: =LN((F10/F9)) -> -0.034075931 | T10: BASF | U10: =((1+U3)^252)-1 -> 0.22436653 | W10: BASF | X10: =X3*SQRT(252) -> 0.32096956
A11: 44301 | B11: 2083.5 | C11: 1794.5883 | D11: 1405 | E11: 633.25 | F11: 1378.95 | G11: =(B11-B10)/B10 -> -0.016451529 | H11: =(C11-C10)/C10 -> 0.0064706379 | I11: =(D11-D10)/D10 -> 0.027046784 | J11: =(E11-E10)/E10 -> 0.0094046772 | K11: =(F11-F10)/F10 -> 0.023529375 | M11: =LN((B11/B10)) -> -0.016588358 | N11: =LN((C11/C10)) -> 0.0064497932 | O11: =LN((D11/D10)) -> 0.026687484 | P11: =LN((E11/E10)) -> 0.0093607285 | Q11: =LN((F11/F10)) -> 0.023256827 | T11: RELIANCE | U11: =((1+U4)^252)-1 -> 0.20336269 | W11: RELIANCE | X11: =X4*SQRT(252) -> 0.23061292
A12: 44302 | B12: 2099.8999 | C12: 1783.3276 | D12: 1434.95 | E12: 646.04999 | F12: 1360.5 | G12: =(B12-B11)/B11 -> 0.0078713233 | H12: =(C12-C11)/C11 -> -0.0062747652 | I12: =(D12-D11)/D11 -> 0.021316691 | J12: =(E12-E11)/E11 -> 0.020213167 | K12: =(F12-F11)/F11 -> -0.01337971 | M12: =LN((B12/B11)) -> 0.007840506 | N12: =LN((C12/C11)) -> -0.0062945343 | O12: =LN((D12/D11)) -> 0.021092668 | P12: =LN((E12/E11)) -> 0.020011593 | Q12: =LN((F12/F11)) -> -0.013470025 | T12: HDFCBANK | U12: =((1+U5)^252)-1 -> 0.014345577 | W12: HDFCBANK | X12: =X5*SQRT(252) -> 0.2362478
A13: 44305 | B13: 2027.6 | C13: 1755.2684 | D13: 1390 | E13: 640.65002 | F13: 1340 | G13: =(B13-B12)/B12 -> -0.034430177 | H13: =(C13-C12)/C12 -> -0.015734183 | I13: =(D13-D12)/D12 -> -0.0313251 | J13: =(E13-E12)/E12 -> -0.0083584306 | K13: =(F13-F12)/F12 -> -0.01506799 | M13: =LN((B13/B12)) -> -0.035036862 | N13: =LN((C13/C12)) -> -0.01585928 | O13: =LN((D13/D12)) -> -0.031826224 | P13: =LN((E13/E12)) -> -0.0083935582 | Q13: =LN((F13/F12)) -> -0.015182665 | T13: SUNPHARMA | U13: =((1+U6)^252)-1 -> 0.42600846 | W13: SUNPHARMA | X13: =X6*SQRT(252) -> 0.21166099
A14: 44306 | B14: 2020.15 | C14: 1754.7609 | D14: 1425 | E14: 645.15002 | F14: 1320 | G14: =(B14-B13)/B13 -> -0.0036742711 | H14: =(C14-C13)/C13 -> -0.00028916888 | I14: =(D14-D13)/D13 -> 0.025179856 | J14: =(E14-E13)/E13 -> 0.0070241159 | K14: =(F14-F13)/F13 -> -0.014925373 | M14: =LN((B14/B13)) -> -0.0036810378 | N14: =LN((C14/C13)) -> -0.00028921069 | O14: =LN((D14/D13)) -> 0.024868067 | P14: =LN((E14/E13)) -> 0.0069995617 | Q14: =LN((F14/F13)) -> -0.015037877 | T14: LT | U14: =((1+U7)^252)-1 -> 0.42019443 | W14: LT | X14: =X7*SQRT(252) -> 0.23073196
A15: 44308 | B15: 2033 | C15: 1759.6066 | D15: 1380 | E15: 639.95001 | F15: 1310 | G15: =(B15-B14)/B14 -> 0.0063609018 | H15: =(C15-C14)/C14 -> 0.0027614606 | I15: =(D15-D14)/D14 -> -0.031578947 | J15: =(E15-E14)/E14 -> -0.0080601594 | K15: =(F15-F14)/F14 -> -0.0075757576 | M15: =LN((B15/B14)) -> 0.0063407567 | N15: =LN((C15/C14)) -> 0.0027576548 | O15: =LN((D15/D14)) -> -0.032088315 | P15: =LN((E15/E14)) -> -0.008092818 | Q15: =LN((F15/F14)) -> -0.0076045994
A16: 44309 | B16: 1969.65 | C16: 1757.7145 | D16: 1409 | E16: 637.95001 | F16: 1330 | G16: =(B16-B15)/B15 -> -0.031160834 | H16: =(C16-C15)/C15 -> -0.0010752909 | I16: =(D16-D15)/D15 -> 0.021014493 | J16: =(E16-E15)/E15 -> -0.0031252441 | K16: =(F16-F15)/F15 -> 0.015267176 | M16: =LN((B16/B15)) -> -0.03165666 | N16: =LN((C16/C15)) -> -0.0010758695 | O16: =LN((D16/D15)) -> 0.020796734 | P16: =LN((E16/E15)) -> -0.0031301379 | Q16: =LN((F16/F15)) -> 0.015151805 | T16: Coefficient of Variation
A17: 44312 | B17: 1977.5 | C17: 1788.6349 | D17: 1413 | E17: 634.70001 | F17: 1330.05 | G17: =(B17-B16)/B16 -> 0.0039854674 | H17: =(C17-C16)/C16 -> 0.017591259 | I17: =(D17-D16)/D16 -> 0.0028388928 | J17: =(E17-E16)/E16 -> -0.005094443 | K17: =(F17-F16)/F16 -> 3.7630827e-05 | M17: =LN((B17/B16)) -> 0.0039775465 | N17: =LN((C17/C16)) -> 0.017438323 | O17: =LN((D17/D16)) -> 0.0028348708 | P17: =LN((E17/E16)) -> -0.005107464 | Q17: =LN((F17/F16)) -> 3.7630119e-05 | T17: BASF | U17: =X10/U10 -> 1.430559
A18: 44313 | B18: 2014.8 | C18: 1835.5233 | D18: 1407.25 | E18: 639.25 | F18: 1339 | G18: =(B18-B17)/B17 -> 0.018862225 | H18: =(C18-C17)/C17 -> 0.026214644 | I18: =(D18-D17)/D17 -> -0.004069356 | J18: =(E18-E17)/E17 -> 0.0071687221 | K18: =(F18-F17)/F17 -> 0.0067290332 | M18: =LN((B18/B17)) -> 0.018686539 | N18: =LN((C18/C17)) -> 0.02587693 | O18: =LN((D18/D17)) -> -0.0040776583 | P18: =LN((E18/E17)) -> 0.007143149 | Q18: =LN((F18/F17)) -> 0.0067064944 | T18: RELIANCE | U18: =X11/U11 -> 1.1339982
A19: 44314 | B19: 2051.1499 | C19: 1843.5072 | D19: 1436.25 | E19: 643.40002 | F19: 1384.85 | G19: =(B19-B18)/B18 -> 0.01804142 | H19: =(C19-C18)/C18 -> 0.0043496516 | I19: =(D19-D18)/D18 -> 0.020607568 | J19: =(E19-E18)/E18 -> 0.0064920203 | K19: =(F19-F18)/F18 -> 0.034241954 | M19: =LN((B19/B18)) -> 0.017880604 | N19: =LN((C19/C18)) -> 0.0043402192 | O19: =LN((D19/D18)) -> 0.020398105 | P19: =LN((E19/E18)) -> 0.0064710379 | Q19: =LN((F19/F18)) -> 0.033668746 | T19: HDFCBANK | U19: =X12/U12 -> 16.468338
A20: 44315 | B20: 2073.95 | C20: 1868.1975 | D20: 1486.2 | E20: 644.5 | F20: 1383.95 | G20: =(B20-B19)/B19 -> 0.01111574 | H20: =(C20-C19)/C19 -> 0.013393117 | I20: =(D20-D19)/D19 -> 0.034778034 | J20: =(E20-E19)/E19 -> 0.00170963 | K20: =(F20-F19)/F19 -> -0.00064990794 | M20: =LN((B20/B19)) -> 0.011054414 | N20: =LN((C20/C19)) -> 0.013304222 | O20: =LN((D20/D19)) -> 0.034186944 | P20: =LN((E20/E19)) -> 0.0017081703 | Q20: =LN((F20/F19)) -> -0.00065011923 | T20: SUNPHARMA | U20: =X13/U13 -> 0.49684691
A21: 44316 | B21: 2228.75 | C21: 1840.9229 | D21: 1445 | E21: 654.45001 | F21: 1350 | G21: =(B21-B20)/B20 -> 0.074640205 | H21: =(C21-C20)/C20 -> -0.014599451 | I21: =(D21-D20)/D20 -> -0.027721674 | J21: =(E21-E20)/E20 -> 0.015438343 | K21: =(F21-F20)/F20 -> -0.024531199 | M21: =LN((B21/B20)) -> 0.071985912 | N21: =LN((C21/C20)) -> -0.014707072 | O21: =LN((D21/D20)) -> -0.028113172 | P21: =LN((E21/E20)) -> 0.015320384 | Q21: =LN((F21/F20)) -> -0.024837102 | T21: LT | U21: =X14/U14 -> 0.54910761
A22: 44319 | B22: 2282.8999 | C22: 1808.2025 | D22: 1393 | E22: 659.20001 | F22: 1325.5 | G22: =(B22-B21)/B21 -> 0.024296086 | H22: =(C22-C21)/C21 -> -0.017773877 | I22: =(D22-D21)/D21 -> -0.035986159 | J22: =(E22-E21)/E21 -> 0.0072580028 | K22: =(F22-F21)/F21 -> -0.018148148 | M22: =LN((B22/B21)) -> 0.024005631 | N22: =LN((C22/C21)) -> -0.01793373 | O22: =LN((D22/D21)) -> -0.036649627 | P22: =LN((E22/E21)) -> 0.0072317902 | Q22: =LN((F22/F21)) -> -0.018314846
A23: 44320 | B23: 2281.55 | C23: 1769.0211 | D23: 1409.95 | E23: 645.15002 | F23: 1350 | G23: =(B23-B22)/B22 -> -0.00059128874 | H23: =(C23-C22)/C22 -> -0.0216687 | I23: =(D23-D22)/D22 -> 0.012167948 | J23: =(E23-E22)/E22 -> -0.021313695 | K23: =(F23-F22)/F22 -> 0.018483591 | M23: =LN((B23/B22)) -> -0.00059146362 | N23: =LN((C23/C22)) -> -0.021906913 | O23: =LN((D23/D22)) -> 0.012094513 | P23: =LN((E23/E22)) -> -0.021544112 | Q23: =LN((F23/F22)) -> 0.018314846 | T23: Ranking Based on: | U23: Risk | V23: Return | W23: Coefficient of Variation
A24: 44321 | B24: 2320.7 | C24: 1772.2517 | D24: 1401 | E24: 683.40002 | F24: 1342.2 | G24: =(B24-B23)/B23 -> 0.017159344 | H24: =(C24-C23)/C23 -> 0.0018262026 | I24: =(D24-D23)/D23 -> -0.0063477083 | J24: =(E24-E23)/E23 -> 0.059288535 | K24: =(F24-F23)/F23 -> -0.0057778141 | M24: =LN((B24/B23)) -> 0.017013785 | N24: =LN((C24/C23)) -> 0.0018245371 | O24: =LN((D24/D23)) -> -0.0063679407 | P24: =LN((E24/E23)) -> 0.05759749 | Q24: =LN((F24/F23)) -> -0.0057945702 | T24: 1 | U24: SUNPHARMA | V24: SUNPHARMA | W24: SUNPHARMA
A25: 44322 | B25: 2294.8999 | C25: 1782.3124 | D25: 1407.6 | E25: 679.40002 | F25: 1344 | G25: =(B25-B24)/B24 -> -0.011117357 | H25: =(C25-C24)/C24 -> 0.0056767721 | I25: =(D25-D24)/D24 -> 0.0047109036 | J25: =(E25-E24)/E24 -> -0.0058530873 | K25: =(F25-F24)/F24 -> 0.0013411184 | M25: =LN((B25/B24)) -> -0.011179616 | N25: =LN((C25/C24)) -> 0.0056607199 | O25: =LN((D25/D24)) -> 0.0046998421 | P25: =LN((E25/E24)) -> -0.0058702837 | Q25: =LN((F25/F24)) -> 0.0013402199 | T25: 2 | U25: RELIANCE | V25: LT | W25: LT
A26: 44323 | B26: 2451.7 | C26: 1783.0046 | D26: 1412.95 | E26: 679.45001 | F26: 1347 | G26: =(B26-B25)/B25 -> 0.068325441 | H26: =(C26-C25)/C25 -> 0.0003884061 | I26: =(D26-D25)/D25 -> 0.003800778 | J26: =(E26-E25)/E25 -> 7.3576683e-05 | K26: =(F26-F25)/F25 -> 0.0022321429 | M26: =LN((B26/B25)) -> 0.066092415 | N26: =LN((C26/C25)) -> 0.00038833069 | O26: =LN((D26/D25)) -> 0.0037935733 | P26: =LN((E26/E25)) -> 7.3573976e-05 | Q26: =LN((F26/F25)) -> 0.0022296553 | T26: 3 | U26: LT | V26: BASF | W26: RELIANCE
A27: 44326 | B27: 2480.45 | C27: 1777.882 | D27: 1427 | E27: 698.20001 | F27: 1347 | G27: =(B27-B26)/B26 -> 0.011726557 | H27: =(C27-C26)/C26 -> -0.0028730609 | I27: =(D27-D26)/D26 -> 0.0099437698 | J27: =(E27-E26)/E26 -> 0.027595849 | K27: =(F27-F26)/F26 -> 0 | M27: =LN((B27/B26)) -> 0.011658334 | N27: =LN((C27/C26)) -> -0.0028771961 | O27: =LN((D27/D26)) -> 0.0098946558 | P27: =LN((E27/E26)) -> 0.027221947 | Q27: =LN((F27/F26)) -> 0 | T27: 4 | U27: HDFCBANK | V27: RELIANCE | W27: BASF
A28: 44327 | B28: 2493.6001 | C28: 1784.2969 | D28: 1396 | E28: 708.09998 | F28: 1380 | G28: =(B28-B27)/B27 -> 0.0053015168 | H28: =(C28-C27)/C27 -> 0.0036081794 | I28: =(D28-D27)/D27 -> -0.021723896 | J28: =(E28-E27)/E27 -> 0.014179266 | K28: =(F28-F27)/F27 -> 0.024498886 | M28: =LN((B28/B27)) -> 0.0052875132 | N28: =LN((C28/C27)) -> 0.0036016855 | O28: =LN((D28/D27)) -> -0.021963334 | P28: =LN((E28/E27)) -> 0.014079681 | Q28: =LN((F28/F27)) -> 0.024203602 | T28: 5 | U28: BASF | V28: HDFCBANK | W28: HDFCBANK
A29: 44328 | B29: 2409.6499 | C29: 1765.8368 | D29: 1399.75 | E29: 702.84998 | F29: 1380 | G29: =(B29-B28)/B28 -> -0.033666263 | H29: =(C29-C28)/C28 -> -0.010345859 | I29: =(D29-D28)/D28 -> 0.0026862464 | J29: =(E29-E28)/E28 -> -0.0074142073 | K29: =(F29-F28)/F28 -> 0 | M29: =LN((B29/B28)) -> -0.034246021 | N29: =LN((C29/C28)) -> -0.010399749 | O29: =LN((D29/D28)) -> 0.0026826449 | P29: =LN((E29/E28)) -> -0.0074418291 | Q29: =LN((F29/F28)) -> 0
A30: 44330 | B30: 2471.1499 | C30: 1788.1273 | D30: 1394.35 | E30: 691.45001 | F30: 1394 | G30: =(B30-B29)/B29 -> 0.02552238 | H30: =(C30-C29)/C29 -> 0.012623209 | I30: =(D30-D29)/D29 -> -0.0038578489 | J30: =(E30-E29)/E29 -> -0.016219626 | K30: =(F30-F29)/F29 -> 0.010144928 | M30: =LN((B30/B29)) -> 0.025202122 | N30: =LN((C30/C29)) -> 0.012544201 | O30: =LN((D30/D29)) -> -0.0038653096 | P30: =LN((E30/E29)) -> -0.016352604 | Q30: =LN((F30/F29)) -> 0.010093813
A31: 44333 | B31: 2389.45 | C31: 1809.4025 | D31: 1395.15 | E31: 687.15002 | F31: 1433 | G31: =(B31-B30)/B30 -> -0.033061512 | H31: =(C31-C30)/C30 -> 0.011898005 | I31: =(D31-D30)/D30 -> 0.00057377847 | J31: =(E31-E30)/E30 -> -0.0062187981 | K31: =(F31-F30)/F30 -> 0.027977044 | M31: =LN((B31/B30)) -> -0.033620396 | N31: =LN((C31/C30)) -> 0.01182778 | O31: =LN((D31/D30)) -> 0.00057361393 | P31: =LN((E31/E30)) -> -0.0062382153 | Q31: =LN((F31/F30)) -> 0.027592837
A32: 44334 | B32: 2497.55 | C32: 1834.8772 | D32: 1458.95 | E32: 690.79999 | F32: 1405 | G32: =(B32-B31)/B31 -> 0.045240578 | H32: =(C32-C31)/C31 -> 0.014079085 | I32: =(D32-D31)/D31 -> 0.045729797 | J32: =(E32-E31)/E31 -> 0.0053117425 | K32: =(F32-F31)/F31 -> -0.019539428 | M32: =LN((B32/B31)) -> 0.044247078 | N32: =LN((C32/C31)) -> 0.013980895 | O32: =LN((D32/D31)) -> 0.044715012 | P32: =LN((E32/E31)) -> 0.005297685 | Q32: =LN((F32/F31)) -> -0.019732846
A33: 44335 | B33: 2452.8 | C33: 1843.2765 | D33: 1470.2 | E33: 703.40002 | F33: 1414 | G33: =(B33-B32)/B32 -> -0.017917559 | H33: =(C33-C32)/C32 -> 0.0045775772 | I33: =(D33-D32)/D32 -> 0.0077110253 | J33: =(E33-E32)/E32 -> 0.018239774 | K33: =(F33-F32)/F32 -> 0.006405694 | M33: =LN((B33/B32)) -> -0.018080022 | N33: =LN((C33/C32)) -> 0.0045671319 | O33: =LN((D33/D32)) -> 0.0076814473 | P33: =LN((E33/E32)) -> 0.018075425 | Q33: =LN((F33/F32)) -> 0.0063852647
A34: 44336 | B34: 2465.95 | C34: 1832.5236 | D34: 1458.35 | E34: 686.84998 | F34: 1410.8 | G34: =(B34-B33)/B33 -> 0.0053611798 | H34: =(C34-C33)/C33 -> -0.0058335953 | I34: =(D34-D33)/D33 -> -0.0080601111 | J34: =(E34-E33)/E33 -> -0.023528643 | K34: =(F34-F33)/F33 -> -0.0022630488 | M34: =LN((B34/B33)) -> 0.0053468598 | N34: =LN((C34/C33)) -> -0.0058506771 | O34: =LN((D34/D33)) -> -0.0080927694 | P34: =LN((E34/E33)) -> -0.023809861 | Q34: =LN((F34/F33)) -> -0.0022656134
A35: 44337 | B35: 2443.55 | C35: 1848.353 | D35: 1443 | E35: 690.40002 | F35: 1415 | G35: =(B35-B34)/B34 -> -0.0090836807 | H35: =(C35-C34)/C34 -> 0.0086380701 | I35: =(D35-D34)/D34 -> -0.010525578 | J35: =(E35-E34)/E34 -> 0.005168593 | K35: =(F35-F34)/F34 -> 0.0029769995 | M35: =LN((B35/B34)) -> -0.0091251889 | N35: =LN((C35/C34)) -> 0.0086009755 | O35: =LN((D35/D34)) -> -0.010581363 | P35: =LN((E35/E34)) -> 0.0051552817 | Q35: =LN((F35/F34)) -> 0.002972577
A36: 44340 | B36: 2405.3501 | C36: 1832.7543 | D36: 1503.25 | E36: 690.95001 | F36: 1420 | G36: =(B36-B35)/B35 -> -0.015632973 | H36: =(C36-C35)/C35 -> -0.0084392726 | I36: =(D36-D35)/D35 -> 0.041753292 | J36: =(E36-E35)/E35 -> 0.00079662222 | K36: =(F36-F35)/F35 -> 0.0035335689 | M36: =LN((B36/B35)) -> -0.015756456 | N36: =LN((C36/C35)) -> -0.0084750849 | O36: =LN((D36/D35)) -> 0.040905151 | P36: =LN((E36/E35)) -> 0.00079630509 | Q36: =LN((F36/F35)) -> 0.0035273405
A37: 44341 | B37: 2403.5 | C37: 1811.9868 | D37: 1510.5 | E37: 696.09998 | F37: 1460 | G37: =(B37-B36)/B36 -> -0.00076915955 | H37: =(C37-C36)/C36 -> -0.011331282 | I37: =(D37-D36)/D36 -> 0.0048228838 | J37: =(E37-E36)/E36 -> 0.0074534538 | K37: =(F37-F36)/F36 -> 0.028169014 | M37: =LN((B37/B36)) -> -0.00076945551 | N37: =LN((C37/C36)) -> -0.01139597 | O37: =LN((D37/D36)) -> 0.0048112909 | P37: =LN((E37/E36)) -> 0.0074258141 | Q37: =LN((F37/F36)) -> 0.027779564
A38: 44342 | B38: 2340.05 | C38: 1818.3555 | D38: 1480 | E38: 703.79999 | F38: 1458.9 | G38: =(B38-B37)/B37 -> -0.026398981 | H38: =(C38-C37)/C37 -> 0.0035147347 | I38: =(D38-D37)/D37 -> -0.020191989 | J38: =(E38-E37)/E37 -> 0.011061647 | K38: =(F38-F37)/F37 -> -0.00075340822 | M38: =LN((B38/B37)) -> -0.026753691 | N38: =LN((C38/C37)) -> 0.0035085725 | O38: =LN((D38/D37)) -> -0.020398634 | P38: =LN((E38/E37)) -> 0.011000914 | Q38: =LN((F38/F37)) -> -0.00075369217
A39: 44343 | B39: 2374.05 | C39: 1823.9397 | D39: 1473.1 | E39: 699.5 | F39: 1475.95 | G39: =(B39-B38)/B38 -> 0.014529604 | H39: =(C39-C38)/C38 -> 0.0030710321 | I39: =(D39-D38)/D38 -> -0.0046621784 | J39: =(E39-E38)/E38 -> -0.0061096733 | K39: =(F39-F38)/F38 -> 0.011686837 | M39: =LN((B39/B38)) -> 0.014425061 | N39: =LN((C39/C38)) -> 0.0030663261 | O39: =LN((D39/D38)) -> -0.0046730802 | P39: =LN((E39/E38)) -> -0.0061284137 | Q39: =LN((F39/F38)) -> 0.011619074
A40: 44344 | B40: 2364.7 | C40: 1933.4998 | D40: 1490.9 | E40: 669.75 | F40: 1487.1 | G40: =(B40-B39)/B39 -> -0.0039384587 | H40: =(C40-C39)/C39 -> 0.060067808 | I40: =(D40-D39)/D39 -> 0.012083394 | J40: =(E40-E39)/E39 -> -0.042530379 | K40: =(F40-F39)/F39 -> 0.0075544736 | M40: =LN((B40/B39)) -> -0.0039462348 | N40: =LN((C40/C39)) -> 0.058332876 | O40: =LN((D40/D39)) -> 0.012010973 | P40: =LN((E40/E39)) -> -0.043461286 | Q40: =LN((F40/F39)) -> 0.0075260815
... A742: 45379 | B742: 3337.05 | C742: 2971.7 | D742: 1440.7 | E742: 1620.55 | F742: 3706.55 | G742: =(B742-B741)/B741 -> 0.027163875 | H742: =(C742-C741)/C741 -> -0.0046890177 | I742: =(D742-D741)/D741 -> 0.012047277 | J742: =(E742-E741)/E741 -> 0.010223498 | K742: =(F742-F741)/F741 -> 0.0063942571 | M742: =LN((B742/B741)) -> 0.026801485 | N742: =LN((C742/C741)) -> -0.0047000457 | O742: =LN((D742/D741)) -> 0.011975286 | P742: =LN((E742/E741)) -> 0.010171592 | Q742: =LN((F742/F741)) -> 0.0063739006

Sheet 2.b Portfolios Daily Value
A1: Date | B1: BASF | C1: RELAINCE | D1: HDFCBANK | E1: SUNPHARMA | F1: LT | H1: PORTFOLIO1 VALUE | I1: Portfolio1 Returns | J1: Portfolio2 Value | K1: Portfolio2 Retuns
A2: 44287 | B2: 2136.8999 | C2: 1866.1669 | D2: 1499.4 | E2: 610.75 | F2: 1432 | H2: =(B2*0.3+C2*'Price weighted Portfolio'!$B$22+'2.b Portfolios Daily Value'!D2*'Price weighted Portfolio'!$B$23+'2.b Portfolios Daily Value'!E2*'Price weighted Portfolio'!$B$24+'2.b Portfolios Daily Value'!F2*'Price weighted Portfolio'!$B$25) -> 1807.1465 | J2: =B2*$Q$10+C2*$Q$6+D2*$Q$7+E2*$Q$8+F2*$Q$9 -> 1185.3585
A3: 44291 | B3: 2034.95 | C3: 1839.1692 | D3: 1480 | E3: 608.79999 | F3: 1439 | H3: =(B3*0.3+C3*'Price weighted Portfolio'!$B$22+'2.b Portfolios Daily Value'!D3*'Price weighted Portfolio'!$B$23+'2.b Portfolios Daily Value'!E3*'Price weighted Portfolio'!$B$24+'2.b Portfolios Daily Value'!F3*'Price weighted Portfolio'!$B$25) -> 1764.1896 | I3: =(H3/$H$2)-1 -> -0.023770546 | J3: =B3*$Q$10+C3*$Q$6+D3*$Q$7+E3*$Q$8+F3*$Q$9 -> 1152.4782 | K3: =(J3/$J$2)-1 -> -0.027738771 | M3: Portfolio Based on Price Index | P3: Portfolio Based on Correlation Matrix
A4: 44292 | B4: 2101.6499 | C4: 1831.5083 | D4: 1460 | E4: 620.45001 | F4: 1405.9 | H4: =(B4*0.3+C4*'Price weighted Portfolio'!$B$22+'2.b Portfolios Daily Value'!D4*'Price weighted Portfolio'!$B$23+'2.b Portfolios Daily Value'!E4*'Price weighted Portfolio'!$B$24+'2.b Portfolios Daily Value'!F4*'Price weighted Portfolio'!$B$25) -> 1776.5404 | I4: =(H4/$H$2)-1 -> -0.016936142 | J4: =B4*$Q$10+C4*$Q$6+D4*$Q$7+E4*$Q$8+F4*$Q$9 -> 1165.5499 | K4: =(J4/$J$2)-1 -> -0.01671109
A5: 44293 | B5: 2094.95 | C5: 1848.6299 | D5: 1439.3 | E5: 621.04999 | F5: 1402 | H5: =(B5*0.3+C5*'Price weighted Portfolio'!$B$22+'2.b Portfolios Daily Value'!D5*'Price weighted Portfolio'!$B$23+'2.b Portfolios Daily Value'!E5*'Price weighted Portfolio'!$B$24+'2.b Portfolios Daily Value'!F5*'Price weighted Portfolio'!$B$25) -> 1779.4942 | I5: =(H5/$H$2)-1 -> -0.015301606 | J5: =B5*$Q$10+C5*$Q$6+D5*$Q$7+E5*$Q$8+F5*$Q$9 -> 1162.1524 | K5: =(J5/$J$2)-1 -> -0.019577301 | M5: Stock | N5: Price | P5: Stock | Q5: Weight
A6: 44294 | B6: 2094.6499 | C6: 1850.9374 | D6: 1453 | E6: 614.25 | F6: 1410 | H6: =(B6*0.3+C6*'Price weighted Portfolio'!$B$22+'2.b Portfolios Daily Value'!D6*'Price weighted Portfolio'!$B$23+'2.b Portfolios Daily Value'!E6*'Price weighted Portfolio'!$B$24+'2.b Portfolios Daily Value'!F6*'Price weighted Portfolio'!$B$25) -> 1781.7316 | I6: =(H6/$H$2)-1 -> -0.01406352 | J6: =B6*$Q$10+C6*$Q$6+D6*$Q$7+E6*$Q$8+F6*$Q$9 -> 1164.2009 | K6: =(J6/$J$2)-1 -> -0.017849189 | M6: RELIANCE | N6: =('Price weighted Portfolio'!B6/'Price weighted Portfolio'!$B$12)*0.7 -> 0.060911085 | P6: RELIANCE | Q6: =N6 -> 0.060911085
A7: 44295 | B7: 2068.8 | C7: 1829.4315 | D7: 1426 | E7: 636.75 | F7: 1414 | H7: =(B7*0.3+C7*'Price weighted Portfolio'!$B$22+'2.b Portfolios Daily Value'!D7*'Price weighted Portfolio'!$B$23+'2.b Portfolios Daily Value'!E7*'Price weighted Portfolio'!$B$24+'2.b Portfolios Daily Value'!F7*'Price weighted Portfolio'!$B$25) -> 1765.8565 | I7: =(H7/$H$2)-1 -> -0.022848144 | J7: =B7*$Q$10+C7*$Q$6+D7*$Q$7+E7*$Q$8+F7*$Q$9 -> 1155.3922 | K7: =(J7/$J$2)-1 -> -0.025280389 | M7: HDFCBANK | N7: =('Price weighted Portfolio'!B7/'Price weighted Portfolio'!$B$12)*0.7 -> 0.085454699 | P7: HDFCBANK | Q7: =N8 -> 0.087325251
A8: 44298 | B8: 1940.4 | C8: 1763.9908 | D8: 1393 | E8: 619.34998 | F8: 1393.95 | H8: =(B8*0.3+C8*'Price weighted Portfolio'!$B$22+'2.b Portfolios Daily Value'!D8*'Price weighted Portfolio'!$B$23+'2.b Portfolios Daily Value'!E8*'Price weighted Portfolio'!$B$24+'2.b Portfolios Daily Value'!F8*'Price weighted Portfolio'!$B$25) -> 1692.4031 | I8: =(H8/$H$2)-1 -> -0.063494209 | J8: =B8*$Q$10+C8*$Q$6+D8*$Q$7+E8*$Q$8+F8*$Q$9 -> 1105.0523 | K8: =(J8/$J$2)-1 -> -0.06774851 | M8: SUNPHARMA | N8: =('Price weighted Portfolio'!B8/'Price weighted Portfolio'!$B$12)*0.7 -> 0.087325251 | P8: SUNPHARMA | Q8: =N7 -> 0.085454699
A9: 44299 | B9: 2118.3501 | C9: 1783.0508 | D9: 1368 | E9: 627.34998 | F9: 1347.25 | H9: =(B9*0.3+C9*'Price weighted Portfolio'!$B$22+'2.b Portfolios Daily Value'!D9*'Price weighted Portfolio'!$B$23+'2.b Portfolios Daily Value'!E9*'Price weighted Portfolio'!$B$24+'2.b Portfolios Daily Value'!F9*'Price weighted Portfolio'!$B$25) -> 1746.7546 | I9: =(H9/$H$2)-1 -> -0.033418382 | J9: =B9*$Q$10+C9*$Q$6+D9*$Q$7+E9*$Q$8+F9*$Q$9 -> 1150.0276 | K9: =(J9/$J$2)-1 -> -0.029806086 | M9: LT | N9: =('Price weighted Portfolio'!B9/'Price weighted Portfolio'!$B$12)*0.7 -> 0.17282917 | P9: LT | Q9: =N9 -> 0.17282917
A10: 44301 | B10: 2083.5 | C10: 1794.5883 | D10: 1405 | E10: 633.25 | F10: 1378.95 | H10: =(B10*0.3+C10*'Price weighted Portfolio'!$B$22+'2.b Portfolios Daily Value'!D10*'Price weighted Portfolio'!$B$23+'2.b Portfolios Daily Value'!E10*'Price weighted Portfolio'!$B$24+'2.b Portfolios Daily Value'!F10*'Price weighted Portfolio'!$B$25) -> 1749.0311 | I10: =(H10/$H$2)-1 -> -0.032158625 | J10: =B10*$Q$10+C10*$Q$6+D10*$Q$7+E10*$Q$8+F10*$Q$9 -> 1149.4893 | K10: =(J10/$J$2)-1 -> -0.030260273 | M10: BASF | N10: 0.3 | P10: BASF | Q10: 0.3
A11: 44302 | B11: 2099.8999 | C11: 1783.3276 | D11: 1434.95 | E11: 646.04999 | F11: 1360.5 | H11: =(B11*0.3+C11*'Price weighted Portfolio'!$B$22+'2.b Portfolios Daily Value'!D11*'Price weighted Portfolio'!$B$23+'2.b Portfolios Daily Value'!E11*'Price weighted Portfolio'!$B$24+'2.b Portfolios Daily Value'!F11*'Price weighted Portfolio'!$B$25) -> 1751.0971 | I11: =(H11/$H$2)-1 -> -0.031015408 | J11: =B11*$Q$10+C11*$Q$6+D11*$Q$7+E11*$Q$8+F11*$Q$9 -> 1154.2439 | K11: =(J11/$J$2)-1 -> -0.026249174 | N11: =SUM(N6:N10) -> 0.70652021 | Q11: =SUM(Q6:Q10) -> 0.70652021
A12: 44305 | B12: 2027.6 | C12: 1755.2684 | D12: 1390 | E12: 640.65002 | F12: 1340 | H12: =(B12*0.3+C12*'Price weighted Portfolio'!$B$22+'2.b Portfolios Daily Value'!D12*'Price weighted Portfolio'!$B$23+'2.b Portfolios Daily Value'!E12*'Price weighted Portfolio'!$B$24+'2.b Portfolios Daily Value'!F12*'Price weighted Portfolio'!$B$25) -> 1710.5152 | I12: =(H12/$H$2)-1 -> -0.053471777 | J12: =B12*$Q$10+C12*$Q$6+D12*$Q$7+E12*$Q$8+F12*$Q$9 -> 1122.915 | K12: =(J12/$J$2)-1 -> -0.052678992
A13: 44306 | B13: 2020.15 | C13: 1754.7609 | D13: 1425 | E13: 645.15002 | F13: 1320 | H13: =(B13*0.3+C13*'Price weighted Portfolio'!$B$22+'2.b Portfolios Daily Value'!D13*'Price weighted Portfolio'!$B$23+'2.b Portfolios Daily Value'!E13*'Price weighted Portfolio'!$B$24+'2.b Portfolios Daily Value'!F13*'Price weighted Portfolio'!$B$25) -> 1709.1673 | I13: =(H13/$H$2)-1 -> -0.054217643 | J13: =B13*$Q$10+C13*$Q$6+D13*$Q$7+E13*$Q$8+F13*$Q$9 -> 1120.6335 | K13: =(J13/$J$2)-1 -> -0.054603773
A14: 44308 | B14: 2033 | C14: 1759.6066 | D14: 1380 | E14: 639.95001 | F14: 1310 | H14: =(B14*0.3+C14*'Price weighted Portfolio'!$B$22+'2.b Portfolios Daily Value'!D14*'Price weighted Portfolio'!$B$23+'2.b Portfolios Daily Value'!E14*'Price weighted Portfolio'!$B$24+'2.b Portfolios Daily Value'!F14*'Price weighted Portfolio'!$B$25) -> 1709.2558 | I14: =(H14/$H$2)-1 -> -0.054168636 | J14: =B14*$Q$10+C14*$Q$6+D14*$Q$7+E14*$Q$8+F14*$Q$9 -> 1118.6813 | K14: =(J14/$J$2)-1 -> -0.056250654
A15: 44309 | B15: 1969.65 | C15: 1757.7145 | D15: 1409 | E15: 637.95001 | F15: 1330 | H15: =(B15*0.3+C15*'Price weighted Portfolio'!$B$22+'2.b Portfolios Daily Value'!D15*'Price weighted Portfolio'!$B$23+'2.b Portfolios Daily Value'!E15*'Price weighted Portfolio'!$B$24+'2.b Portfolios Daily Value'!F15*'Price weighted Portfolio'!$B$25) -> 1694.2319 | I15: =(H15/$H$2)-1 -> -0.06248227 | J15: =B15*$Q$10+C15*$Q$6+D15*$Q$7+E15*$Q$8+F15*$Q$9 -> 1105.3792 | K15: =(J15/$J$2)-1 -> -0.067472689
A16: 44312 | B16: 1977.5 | C16: 1788.6349 | D16: 1413 | E16: 634.70001 | F16: 1330.05 | H16: =(B16*0.3+C16*'Price weighted Portfolio'!$B$22+'2.b Portfolios Daily Value'!D16*'Price weighted Portfolio'!$B$23+'2.b Portfolios Daily Value'!E16*'Price weighted Portfolio'!$B$24+'2.b Portfolios Daily Value'!F16*'Price weighted Portfolio'!$B$25) -> 1709.508 | I16: =(H16/$H$2)-1 -> -0.054029087 | J16: =B16*$Q$10+C16*$Q$6+D16*$Q$7+E16*$Q$8+F16*$Q$9 -> 1109.6978 | K16: =(J16/$J$2)-1 -> -0.063829393
A17: 44313 | B17: 2014.8 | C17: 1835.5233 | D17: 1407.25 | E17: 639.25 | F17: 1339 | H17: =(B17*0.3+C17*'Price weighted Portfolio'!$B$22+'2.b Portfolios Daily Value'!D17*'Price weighted Portfolio'!$B$23+'2.b Portfolios Daily Value'!E17*'Price weighted Portfolio'!$B$24+'2.b Portfolios Daily Value'!F17*'Price weighted Portfolio'!$B$25) -> 1741.5279 | I17: =(H17/$H$2)-1 -> -0.036310584 | J17: =B17*$Q$10+C17*$Q$6+D17*$Q$7+E17*$Q$8+F17*$Q$9 -> 1125.1774 | K17: =(J17/$J$2)-1 -> -0.050770433
A18: 44314 | B18: 2051.1499 | C18: 1843.5072 | D18: 1436.25 | E18: 643.40002 | F18: 1384.85 | H18: =(B18*0.3+C18*'Price weighted Portfolio'!$B$22+'2.b Portfolios Daily Value'!D18*'Price weighted Portfolio'!$B$23+'2.b Portfolios Daily Value'!E18*'Price weighted Portfolio'!$B$24+'2.b Portfolios Daily Value'!F18*'Price weighted Portfolio'!$B$25) -> 1764.5301 | I18: =(H18/$H$2)-1 -> -0.023582151 | J18: =B18*$Q$10+C18*$Q$6+D18*$Q$7+E18*$Q$8+F18*$Q$9 -> 1147.3799 | K18: =(J18/$J$2)-1 -> -0.032039773
A19: 44315 | B19: 2073.95 | C19: 1868.1975 | D19: 1486.2 | E19: 644.5 | F19: 1383.95 | H19: =(B19*0.3+C19*'Price weighted Portfolio'!$B$22+'2.b Portfolios Daily Value'!D19*'Price weighted Portfolio'!$B$23+'2.b Portfolios Daily Value'!E19*'Price weighted Portfolio'!$B$24+'2.b Portfolios Daily Value'!F19*'Price weighted Portfolio'!$B$25) -> 1786.0901 | I19: =(H19/$H$2)-1 -> -0.01165172 | J19: =B19*$Q$10+C19*$Q$6+D19*$Q$7+E19*$Q$8+F19*$Q$9 -> 1160.0242 | K19: =(J19/$J$2)-1 -> -0.021372732
A20: 44316 | B20: 2228.75 | C20: 1840.9229 | D20: 1445 | E20: 654.45001 | F20: 1350 | H20: =(B20*0.3+C20*'Price weighted Portfolio'!$B$22+'2.b Portfolios Daily Value'!D20*'Price weighted Portfolio'!$B$23+'2.b Portfolios Daily Value'!E20*'Price weighted Portfolio'!$B$24+'2.b Portfolios Daily Value'!F20*'Price weighted Portfolio'!$B$25) -> 1814.4894 | I20: =(H20/$H$2)-1 -> 0.0040632707 | J20: =B20*$Q$10+C20*$Q$6+D20*$Q$7+E20*$Q$8+F20*$Q$9 -> 1196.1878 | K20: =(J20/$J$2)-1 -> 0.0091358621
A21: 44319 | B21: 2282.8999 | C21: 1808.2025 | D21: 1393 | E21: 659.20001 | F21: 1325.5 | H21: =(B21*0.3+C21*'Price weighted Portfolio'!$B$22+'2.b Portfolios Daily Value'!D21*'Price weighted Portfolio'!$B$23+'2.b Portfolios Daily Value'!E21*'Price weighted Portfolio'!$B$24+'2.b Portfolios Daily Value'!F21*'Price weighted Portfolio'!$B$25) -> 1810.0148 | I21: =(H21/$H$2)-1 -> 0.0015872176 | J21: =B21*$Q$10+C21*$Q$6+D21*$Q$7+E21*$Q$8+F21*$Q$9 -> 1202.0704 | K21: =(J21/$J$2)-1 -> 0.014098598
A22: 44320 | B22: 2281.55 | C22: 1769.0211 | D22: 1409.95 | E22: 645.15002 | F22: 1350 | H22: =(B22*0.3+C22*'Price weighted Portfolio'!$B$22+'2.b Portfolios Daily Value'!D22*'Price weighted Portfolio'!$B$23+'2.b Portfolios Daily Value'!E22*'Price weighted Portfolio'!$B$24+'2.b Portfolios Daily Value'!F22*'Price weighted Portfolio'!$B$25) -> 1795.9989 | I22: =(H22/$H$2)-1 -> -0.0061686136 | J22: =B22*$Q$10+C22*$Q$6+D22*$Q$7+E22*$Q$8+F22*$Q$9 -> 1203.7927 | K22: =(J22/$J$2)-1 -> 0.015551575
A23: 44321 | B23: 2320.7 | C23: 1772.2517 | D23: 1401 | E23: 683.40002 | F23: 1342.2 | H23: =(B23*0.3+C23*'Price weighted Portfolio'!$B$22+'2.b Portfolios Daily Value'!D23*'Price weighted Portfolio'!$B$23+'2.b Portfolios Daily Value'!E23*'Price weighted Portfolio'!$B$24+'2.b Portfolios Daily Value'!F23*'Price weighted Portfolio'!$B$25) -> 1812.016 | I23: =(H23/$H$2)-1 -> 0.0026945641 | J23: =B23*$Q$10+C23*$Q$6+D23*$Q$7+E23*$Q$8+F23*$Q$9 -> 1216.8735 | K23: =(J23/$J$2)-1 -> 0.026586851
... A741: 45379 | B741: 3337.05 | C741: 2971.7 | D741: 1440.7 | E741: 1620.55 | F741: 3706.55 | H741: =(B741*0.3+C741*'Price weighted Portfolio'!$B$22+'2.b Portfolios Daily Value'!D741*'Price weighted Portfolio'!$B$23+'2.b Portfolios Daily Value'!E741*'Price weighted Portfolio'!$B$24+'2.b Portfolios Daily Value'!F741*'Price weighted Portfolio'!$B$25) -> 3032.6114 | I741: =(H741/$H$2)-1 -> 0.67812154 | J741: =B741*$Q$10+C741*$Q$6+D741*$Q$7+E741*$Q$8+F741*$Q$9 -> 2087.0176 | K741: =(J741/$J$2)-1 -> 0.76066355

Sheet Price weighted Portfolio
E1: Date | F1: BASF | G1: RELIANCE | H1: HDFCBANK | I1: SUNPHARMA | J1: LT | K1: PORTFOLIO VALUE | L1: Daily Return
E2: 44287 | F2: 2136.8999 | G2: 1866.1669 | H2: 1499.4 | I2: 610.75 | J2: 1432 | K2: =($B$22*$F2)+($B$23*$G2)+($B$24*$H2)+($B$25*$I2)+($B$26*$J2) -> 1671.0903
E3: 44291 | F3: 2034.95 | G3: 1839.1692 | H3: 1480 | I3: 608.79999 | J3: 1439 | K3: =($B$22*$F3)+($B$23*$G3)+($B$24*$H3)+($B$25*$I3)+($B$26*$J3) -> 1625.1146 | L3: =(K3/K2)-1 -> -0.027512416
A4: Stock | B4: Price | E4: 44292 | F4: 2101.6499 | G4: 1831.5083 | H4: 1460 | I4: 620.45001 | J4: 1405.9 | K4: =($B$22*$F4)+($B$23*$G4)+($B$24*$H4)+($B$25*$I4)+($B$26*$J4) -> 1643.2518 | L4: =(K4/K3)-1 -> 0.011160585 | O4: 2021-2024 | P4: 2021-2022 | Q4: 2022-2023 | R4: 2023-2024
A5: BASF | B5: 5962 | E5: 44293 | F5: 2094.95 | G5: 1848.6299 | H5: 1439.3 | I5: 621.04999 | J5: 1402 | K5: =($B$22*$F5)+($B$23*$G5)+($B$24*$H5)+($B$25*$I5)+($B$26*$J5) -> 1638.5176 | L5: =(K5/K4)-1 -> -0.0028810113 | N5: Average Daily Return: | O5: =AVERAGE(L3:L741) -> 0.00084952689 | P5: =AVERAGE(L3:L250) -> 0.0012644237 | Q5: =AVERAGE(L251:L498) -> -0.00035106347 | R5: =AVERAGE(L499:L741) -> 0.001651387
A6: RELIANCE | B6: 1237.4 | E6: 44294 | F6: 2094.6499 | G6: 1850.9374 | H6: 1453 | I6: 614.25 | J6: 1410 | K6: =($B$22*$F6)+($B$23*$G6)+($B$24*$H6)+($B$25*$I6)+($B$26*$J6) -> 1641.392 | L6: =(K6/K5)-1 -> 0.0017542352 | N6: Annual Daily Return: | O6: =((1+O5)^252)-1 -> 0.23861014 | P6: =((1+P5)^248)-1 -> 0.36803992 | Q6: =((1+Q5)^248)-1 -> -0.083395343 | R6: =((1+R5)^243)-1 -> 0.49325166
A7: HDFCBANK | B7: 1736 | E7: 44295 | F7: 2068.8 | G7: 1829.4315 | H7: 1426 | I7: 636.75 | J7: 1414 | K7: =($B$22*$F7)+($B$23*$G7)+($B$24*$H7)+($B$25*$I7)+($B$26*$J7) -> 1629.1812 | L7: =(K7/K6)-1 -> -0.0074392405
A8: SUNPHARMA | B8: 1774 | E8: 44298 | F8: 1940.4 | G8: 1763.9908 | H8: 1393 | I8: 619.34998 | J8: 1393.95 | K8: =($B$22*$F8)+($B$23*$G8)+($B$24*$H8)+($B$25*$I8)+($B$26*$J8) -> 1558.5047 | L8: =(K8/K7)-1 -> -0.043381628 | N8: Daily Std Dev: | O8: =_xlfn.STDEV.S(L3:L741) -> 0.012692917 | P8: =_xlfn.STDEV.S(L3:L250) -> 0.016458496 | Q8: =_xlfn.STDEV.S(L251:L498) -> 0.012108357 | R8: =_xlfn.STDEV.S(L499:L741) -> 0.0079309425
A9: LT | B9: 3511 | E9: 44299 | F9: 2118.3501 | G9: 1783.0508 | H9: 1368 | I9: 627.34998 | J9: 1347.25 | K9: =($B$22*$F9)+($B$23*$G9)+($B$24*$H9)+($B$25*$I9)+($B$26*$J9) -> 1621.1859 | L9: =(K9/K8)-1 -> 0.0402188 | N9: Annual Std Dev: | O9: =O8*SQRT(252) -> 0.20149381 | P9: =P8*SQRT(248) -> 0.25918866 | Q9: =Q8*SQRT(248) -> 0.1906826 | R9: =R8*SQRT(243) -> 0.12363116
E10: 44301 | F10: 2083.5 | G10: 1794.5883 | H10: 1405 | I10: 633.25 | J10: 1378.95 | K10: =($B$22*$F10)+($B$23*$G10)+($B$24*$H10)+($B$25*$I10)+($B$26*$J10) -> 1620.6583 | L10: =(K10/K9)-1 -> -0.00032543895
A11: Sum of all the stocks is calculated as: | E11: 44302 | F11: 2099.8999 | G11: 1783.3276 | H11: 1434.95 | I11: 646.04999 | J11: 1360.5 | K11: =($B$22*$F11)+($B$23*$G11)+($B$24*$H11)+($B$25*$I11)+($B$26*$J11) -> 1627.252 | L11: =(K11/K10)-1 -> 0.0040685227
A12: Sum of all the Stocks | B12: =SUM(B5:B9) -> 14220.4 | E12: 44305 | F12: 2027.6 | G12: 1755.2684 | H12: 1390 | I12: 640.65002 | J12: 1340 | K12: =($B$22*$F12)+($B$23*$G12)+($B$24*$H12)+($B$25*$I12)+($B$26*$J12) -> 1583.2757 | L12: =(K12/K11)-1 -> -0.027024895
E13: 44306 | F13: 2020.15 | G13: 1754.7609 | H13: 1425 | I13: 645.15002 | J13: 1320 | K13: =($B$22*$F13)+($B$23*$G13)+($B$24*$H13)+($B$25*$I13)+($B$26*$J13) -> 1580.0042 | L13: =(K13/K12)-1 -> -0.0020662698 | N13: 2021-2024
A14: Number of stocks | B14: 5 | E14: 44308 | F14: 2033 | G14: 1759.6066 | H14: 1380 | I14: 639.95001 | J14: 1310 | K14: =($B$22*$F14)+($B$23*$G14)+($B$24*$H14)+($B$25*$I14)+($B$26*$J14) -> 1577.2021 | L14: =(K14/K13)-1 -> -0.0017734856 | N14: Variable | O14: Abbreviation | P14: Portfolio | Q14: CAPM Model Used (Assumption)
E15: 44309 | F15: 1969.65 | G15: 1757.7145 | H15: 1409 | I15: 637.95001 | J15: 1330 | K15: =($B$22*$F15)+($B$23*$G15)+($B$24*$H15)+($B$25*$I15)+($B$26*$J15) -> 1558.7063 | L15: =(K15/K14)-1 -> -0.011726976 | N15: Risk Free Rate | O15: Rf | P15: 0.05
A16: Price Index is calculated using formula given below | E16: 44312 | F16: 1977.5 | G16: 1788.6349 | H16: 1413 | I16: 634.70001 | J16: 1330.05 | K16: =($B$22*$F16)+($B$23*$G16)+($B$24*$H16)+($B$25*$I16)+($B$26*$J16) -> 1564.7832 | L16: =(K16/K15)-1 -> 0.0038987156 | N16: Annual Return | O16: Rp | P16: =O6 -> 0.23861014
A17: Price Index = Sum of all the prices of Stocks which are part of Index / Number of Stocks in the Index | E17: 44313 | F17: 2014.8 | G17: 1835.5233 | H17: 1407.25 | I17: 639.25 | J17: 1339 | K17: =($B$22*$F17)+($B$23*$G17)+($B$24*$H17)+($B$25*$I17)+($B$26*$J17) -> 1586.577 | L17: =(K17/K16)-1 -> 0.013927637 | N17: Annual Standard Deviation | O17: σ | P17: 0.2015
E18: 44314 | F18: 2051.1499 | G18: 1843.5072 | H18: 1436.25 | I18: 643.40002 | J18: 1384.85 | K18: =($B$22*$F18)+($B$23*$G18)+($B$24*$H18)+($B$25*$I18)+($B$26*$J18) -> 1617.8899 | L18: =(K18/K17)-1 -> 0.01973616
A19: Price Index | B19: =B12/B14 -> 2844.08 | E19: 44315 | F19: 2073.95 | G19: 1868.1975 | H19: 1486.2 | I19: 644.5 | J19: 1383.95 | K19: =($B$22*$F19)+($B$23*$G19)+($B$24*$H19)+($B$25*$I19)+($B$26*$J19) -> 1635.6102 | L19: =(K19/K18)-1 -> 0.010952741 | N19: Sharpe Ratio | P19: =(P16-P15)/P17 -> 0.93603046
E20: 44316 | F20: 2228.75 | G20: 1840.9229 | H20: 1445 | I20: 654.45001 | J20: 1350 | K20: =($B$22*$F20)+($B$23*$G20)+($B$24*$H20)+($B$25*$I20)+($B$26*$J20) -> 1685.9673 | L20: =(K20/K19)-1 -> 0.030787961
A21: Stock | B21: Weights | E21: 44319 | F21: 2282.8999 | G21: 1808.2025 | H21: 1393 | I21: 659.20001 | J21: 1325.5 | K21: =($B$22*$F21)+($B$23*$G21)+($B$24*$H21)+($B$25*$I21)+($B$26*$J21) -> 1694.0183 | L21: =(K21/K20)-1 -> 0.0047753056 | N21: *Sharpe Ratio = (Rp - Rf) / σ
A22: BASF | B22: =$B5/$B$12 -> 0.41925684 | E22: 44320 | F22: 2281.55 | G22: 1769.0211 | H22: 1409.95 | I22: 645.15002 | J22: 1350 | K22: =($B$22*$F22)+($B$23*$G22)+($B$24*$H22)+($B$25*$I22)+($B$26*$J22) -> 1696.4085 | L22: =(K22/K21)-1 -> 0.0014109419 | N22: 2021-2022
A23: RELIANCE | B23: =$B6/$B$12 -> 0.087015836 | E23: 44321 | F23: 2320.7 | G23: 1772.2517 | H23: 1401 | I23: 683.40002 | J23: 1342.2 | K23: =($B$22*$F23)+($B$23*$G23)+($B$24*$H23)+($B$25*$I23)+($B$26*$J23) -> 1714.8568 | L23: =(K23/K22)-1 -> 0.010874894 | N23: Variable | O23: Abbreviation | P23: Portfolio | Q23: CAPM Model Used (Assumption)
A24: HDFCBANK | B24: =$B7/$B$12 -> 0.12207814 | E24: 44322 | F24: 2294.8999 | G24: 1782.3124 | H24: 1407.6 | I24: 679.40002 | J24: 1344 | K24: =($B$22*$F24)+($B$23*$G24)+($B$24*$H24)+($B$25*$I24)+($B$26*$J24) -> 1705.6665 | L24: =(K24/K23)-1 -> -0.0053592046 | N24: Risk Free Rate | O24: Rf | P24: 0.05
A25: SUNPHARMA | B25: =$B8/$B$12 -> 0.12475036 | E25: 44323 | F25: 2451.7 | G25: 1783.0046 | H25: 1412.95 | I25: 679.45001 | J25: 1347 | K25: =($B$22*$F25)+($B$23*$G25)+($B$24*$H25)+($B$25*$I25)+($B$26*$J25) -> 1772.8663 | L25: =(K25/K24)-1 -> 0.039397959 | N25: Annual Return | O25: Rp | P25: 0.36804
A26: LT | B26: =$B9/$B$12 -> 0.24689882 | E26: 44326 | F26: 2480.45 | G26: 1777.882 | H26: 1427 | I26: 698.20001 | J26: 1347 | K26: =($B$22*$F26)+($B$23*$G26)+($B$24*$H26)+($B$25*$I26)+($B$26*$J26) -> 1788.5284 | L26: =(K26/K25)-1 -> 0.0088343679 | N26: Annual Standard Deviation | O26: σ | P26: =P9 -> 0.25918866
A27: Sum of Weights | B27: =SUM(B22:B26) -> 1 | E27: 44327 | F27: 2493.6001 | G27: 1784.2969 | H27: 1396 | I27: 708.09998 | J27: 1380 | K27: =($B$22*$F27)+($B$23*$G27)+($B$24*$H27)+($B$25*$I27)+($B$26*$J27) -> 1800.1982 | L27: =(K27/K26)-1 -> 0.0065247782
E28: 44328 | F28: 2409.6499 | G28: 1765.8368 | H28: 1399.75 | I28: 702.84998 | J28: 1380 | K28: =($B$22*$F28)+($B$23*$G28)+($B$24*$H28)+($B$25*$I28)+($B$26*$J28) -> 1763.198 | L28: =(K28/K27)-1 -> -0.020553382 | N28: Sharpe Ratio | P28: =((P25-P24)/P26) -> 1.2270598
E29: 44330 | F29: 2471.1499 | G29: 1788.1273 | H29: 1394.35 | I29: 691.45001 | J29: 1394 | K29: =($B$22*$F29)+($B$23*$G29)+($B$24*$H29)+($B$25*$I29)+($B$26*$J29) -> 1792.2971 | L29: =(K29/K28)-1 -> 0.016503611
E30: 44333 | F30: 2389.45 | G30: 1809.4025 | H30: 1395.15 | I30: 687.15002 | J30: 1433 | K30: =($B$22*$F30)+($B$23*$G30)+($B$24*$H30)+($B$25*$I30)+($B$26*$J30) -> 1769.0855 | L30: =(K30/K29)-1 -> -0.012950805 | N30: *Sharpe Ratio = (Rp - Rf) / σ
E31: 44334 | F31: 2497.55 | G31: 1834.8772 | H31: 1458.95 | I31: 690.79999 | J31: 1405 | K31: =($B$22*$F31)+($B$23*$G31)+($B$24*$H31)+($B$25*$I31)+($B$26*$J31) -> 1817.9546 | L31: =(K31/K30)-1 -> 0.027623965 | N31: 2022-2023
E32: 44335 | F32: 2452.8 | G32: 1843.2765 | H32: 1470.2 | I32: 703.40002 | J32: 1414 | K32: =($B$22*$F32)+($B$23*$G32)+($B$24*$H32)+($B$25*$I32)+($B$26*$J32) -> 1805.0911 | L32: =(K32/K31)-1 -> -0.0070758339 | N32: Variable | O32: Abbreviation | P32: Portfolio | Q32: CAPM Model Used (Assumption)
E33: 44336 | F33: 2465.95 | G33: 1832.5236 | H33: 1458.35 | I33: 686.84998 | J33: 1410.8 | K33: =($B$22*$F33)+($B$23*$G33)+($B$24*$H33)+($B$25*$I33)+($B$26*$J33) -> 1805.3673 | L33: =(K33/K32)-1 -> 0.00015301156 | N33: Risk Free Rate | O33: Rf | P33: 0.05
E34: 44337 | F34: 2443.55 | G34: 1848.353 | H34: 1443 | I34: 690.40002 | J34: 1415 | K34: =($B$22*$F34)+($B$23*$G34)+($B$24*$H34)+($B$25*$I34)+($B$26*$J34) -> 1796.9593 | L34: =(K34/K33)-1 -> -0.0046572029 | N34: Annual Return | O34: Rp | P34: -0.08339
E35: 44340 | F35: 2405.3501 | G35: 1832.7543 | H35: 1503.25 | I35: 690.95001 | J35: 1420 | K35: =($B$22*$F35)+($B$23*$G35)+($B$24*$H35)+($B$25*$I35)+($B$26*$J35) -> 1788.2447 | L35: =(K35/K34)-1 -> -0.0048496459 | N35: Annual Standard Deviation | O35: σ | P35: =Q9 -> 0.1906826
E36: 44341 | F36: 2403.5 | G36: 1811.9868 | H36: 1510.5 | I36: 696.09998 | J36: 1460 | K36: =($B$22*$F36)+($B$23*$G36)+($B$24*$H36)+($B$25*$I36)+($B$26*$J36) -> 1797.0654 | L36: =(K36/K35)-1 -> 0.004932611
E37: 44342 | F37: 2340.05 | G37: 1818.3555 | H37: 1480 | I37: 703.79999 | J37: 1458.9 | K37: =($B$22*$F37)+($B$23*$G37)+($B$24*$H37)+($B$25*$I37)+($B$26*$J37) -> 1767.9834 | L37: =(K37/K36)-1 -> -0.016183072 | N37: Sharpe Ratio | P37: =((P34-P33)/P35) -> -0.69953946
E38: 44343 | F38: 2374.05 | G38: 1823.9397 | H38: 1473.1 | I38: 699.5 | J38: 1475.95 | K38: =($B$22*$F38)+($B$23*$G38)+($B$24*$H38)+($B$25*$I38)+($B$26*$J38) -> 1785.5549 | L38: =(K38/K37)-1 -> 0.0099387183
E39: 44344 | F39: 2364.7 | G39: 1933.4998 | H39: 1490.9 | I39: 669.75 | J39: 1487.1 | K39: =($B$22*$F39)+($B$23*$G39)+($B$24*$H39)+($B$25*$I39)+($B$26*$J39) -> 1792.3828 | L39: =(K39/K38)-1 -> 0.0038240042 | N39: *Sharpe Ratio = (Rp - Rf) / σ
E40: 44347 | F40: 2424.3 | G40: 1993.9562 | H40: 1500 | I40: 668.29999 | J40: 1472.3 | K40: =($B$22*$F40)+($B$23*$G40)+($B$24*$H40)+($B$25*$I40)+($B$26*$J40) -> 1819.9072 | L40: =(K40/K39)-1 -> 0.015356289 | N40: 2023-2024
E41: 44348 | F41: 2459.6001 | G41: 2001.894 | H41: 1520.3 | I41: 671.04999 | J41: 1465.95 | K41: =($B$22*$F41)+($B$23*$G41)+($B$24*$H41)+($B$25*$I41)+($B$26*$J41) -> 1836.6511 | L41: =(K41/K40)-1 -> 0.0092004314 | N41: Variable | O41: Abbreviation | P41: Portfolio | Q41: CAPM Model Used (Assumption)
E42: 44349 | F42: 2499 | G42: 2031.7531 | H42: 1510 | I42: 677.45001 | J42: 1468.3 | K42: =($B$22*$F42)+($B$23*$G42)+($B$24*$H42)+($B$25*$I42)+($B$26*$J42) -> 1855.8892 | L42: =(K42/K41)-1 -> 0.010474562 | N42: Risk Free Rate | O42: Rf | P42: 0.05
E43: 44350 | F43: 2526 | G43: 2039.5062 | H43: 1508 | I43: 675.5 | J43: 1480.1 | K43: =($B$22*$F43)+($B$23*$G43)+($B$24*$H43)+($B$25*$I43)+($B$26*$J43) -> 1870.3098 | L43: =(K43/K42)-1 -> 0.0077701571 | N43: Annual Return | O43: Rp | P43: 0.4932
E44: 44351 | F44: 2499.6499 | G44: 2021.8308 | H44: 1516 | I44: 673.95001 | J44: 1518.95 | K44: =($B$22*$F44)+($B$23*$G44)+($B$24*$H44)+($B$25*$I44)+($B$26*$J44) -> 1868.0995 | L44: =(K44/K43)-1 -> -0.0011817418 | N44: Annual Standard Deviation | O44: σ | P44: =R9 -> 0.12363116
E45: 44354 | F45: 2483 | G45: 2055.8894 | H45: 1510 | I45: 675.34998 | J45: 1545.45 | K45: =($B$22*$F45)+($B$23*$G45)+($B$24*$H45)+($B$25*$I45)+($B$26*$J45) -> 1870.0676 | L45: =(K45/K44)-1 -> 0.0010535025
E46: 44355 | F46: 2517.55 | G46: 2044.0751 | H46: 1496.55 | I46: 678.75 | J46: 1561 | K46: =($B$22*$F46)+($B$23*$G46)+($B$24*$H46)+($B$25*$I46)+($B$26*$J46) -> 1886.1464 | L46: =(K46/K45)-1 -> 0.0085979825 | N46: Sharpe Ratio | P46: =((P43-P42)/P44) -> 3.5848568
E47: 44356 | F47: 2510.45 | G47: 2007.5243 | H47: 1483.9 | I47: 672.84998 | J47: 1550 | K47: =($B$22*$F47)+($B$23*$G47)+($B$24*$H47)+($B$25*$I47)+($B$26*$J47) -> 1874.9929 | L47: =(K47/K46)-1 -> -0.005913364
E48: 44357 | F48: 2524.2 | G48: 2014.9083 | H48: 1482.1 | I48: 676.04999 | J48: 1525 | K48: =($B$22*$F48)+($B$23*$G48)+($B$24*$H48)+($B$25*$I48)+($B$26*$J48) -> 1875.4072 | L48: =(K48/K47)-1 -> 0.00022095816
E49: 44358 | F49: 2513.8 | G49: 2042.7367 | H49: 1491 | I49: 681.29999 | J49: 1521 | K49: =($B$22*$F49)+($B$23*$G49)+($B$24*$H49)+($B$25*$I49)+($B$26*$J49) -> 1874.2223 | L49: =(K49/K48)-1 -> -0.00063179813
E50: 44361 | F50: 2530.2 | G50: 2072.042 | H50: 1478.25 | I50: 677.09998 | J50: 1503.45 | K50: =($B$22*$F50)+($B$23*$G50)+($B$24*$H50)+($B$25*$I50)+($B$26*$J50) -> 1877.2346 | L50: =(K50/K49)-1 -> 0.0016072055
E51: 44362 | F51: 2549.8 | G51: 2076.7493 | H51: 1486 | I51: 673.20001 | J51: 1520 | K51: =($B$22*$F51)+($B$23*$G51)+($B$24*$H51)+($B$25*$I51)+($B$26*$J51) -> 1890.4075 | L51: =(K51/K50)-1 -> 0.0070171592
E52: 44363 | F52: 2774.05 | G52: 2041.306 | H52: 1488 | I52: 668.54999 | J52: 1505.85 | K52: =($B$22*$F52)+($B$23*$G52)+($B$24*$H52)+($B$25*$I52)+($B$26*$J52) -> 1977.5121 | L52: =(K52/K51)-1 -> 0.04607719
E53: 44364 | F53: 2693.6499 | G53: 2045.0442 | H53: 1466 | I53: 665.04999 | J53: 1481 | K53: =($B$22*$F53)+($B$23*$G53)+($B$24*$H53)+($B$25*$I53)+($B$26*$J53) -> 1934.8713 | L53: =(K53/K52)-1 -> -0.021562855
E54: 44365 | F54: 2645.3999 | G54: 2054.2742 | H54: 1469.5 | I54: 668.5 | J54: 1487.55 | K54: =($B$22*$F54)+($B$23*$G54)+($B$24*$H54)+($B$25*$I54)+($B$26*$J54) -> 1917.9202 | L54: =(K54/K53)-1 -> -0.0087608539
E55: 44368 | F55: 2576.1499 | G55: 2064.981 | H55: 1461.35 | I55: 671.34998 | J55: 1460 | K55: =($B$22*$F55)+($B$23*$G55)+($B$24*$H55)+($B$25*$I55)+($B$26*$J55) -> 1882.3768 | L55: =(K55/K54)-1 -> -0.018532239
E56: 44369 | F56: 2609.1499 | G56: 2054.3665 | H56: 1497 | I56: 666.79999 | J56: 1470.1 | K56: =($B$22*$F56)+($B$23*$G56)+($B$24*$H56)+($B$25*$I56)+($B$26*$J56) -> 1901.5668 | L56: =(K56/K55)-1 -> 0.010194555
E57: 44370 | F57: 2597.1499 | G57: 2035.5374 | H57: 1490 | I57: 665.25 | J57: 1505 | K57: =($B$22*$F57)+($B$23*$G57)+($B$24*$H57)+($B$25*$I57)+($B$26*$J57) -> 1902.4662 | L57: =(K57/K56)-1 -> 0.00047295428
E58: 44371 | F58: 2566.25 | G58: 1987.6798 | H58: 1490 | I58: 664.79999 | J58: 1490 | K58: =($B$22*$F58)+($B$23*$G58)+($B$24*$H58)+($B$25*$I58)+($B$26*$J58) -> 1881.5872 | L58: =(K58/K57)-1 -> -0.010974692
... E741: 45379 | F741: 3337.05 | G741: 2971.7 | H741: 1440.7 | I741: 1620.55 | J741: 3706.55 | K741: =($B$22*$F741)+($B$23*$G741)+($B$24*$H741)+($B$25*$I741)+($B$26*$J741) -> 2950.851 | L741: =(K741/K740)-1 -> 0.015742991

Sheet Equally weighted Portfolio 
A1: Let’s see some practical example and take some well know stocks from the market. | E1: Date | F1: BASF | G1: RELIANCE | H1: HDFCBANK | I1: SUNPHARMA | J1: LT | K1: PORTFOLIO VALUE | L1: Daily Return
E2: 44287 | F2: 2136.8999 | G2: 1866.1669 | H2: 1499.4 | I2: 610.75 | J2: 1432 | K2: =($B$22*$F2)+($B$23*$G2)+($B$24*$H2)+($B$25*$I2)+($B$26*$J2) -> 1509.0434
E3: 44291 | F3: 2034.95 | G3: 1839.1692 | H3: 1480 | I3: 608.79999 | J3: 1439 | K3: =($B$22*$F3)+($B$23*$G3)+($B$24*$H3)+($B$25*$I3)+($B$26*$J3) -> 1480.3838 | L3: =(K3/K2)-1 -> -0.018991856
A4: Stock | B4: Price | E4: 44292 | F4: 2101.6499 | G4: 1831.5083 | H4: 1460 | I4: 620.45001 | J4: 1405.9 | K4: =($B$22*$F4)+($B$23*$G4)+($B$24*$H4)+($B$25*$I4)+($B$26*$J4) -> 1483.9016 | L4: =(K4/K3)-1 -> 0.0023762906 | O4: 2021-2024 | P4: 2021-2022 | Q4: 2022-2023 | R4: 2023-2024
A5: BASF | B5: 5962 | E5: 44293 | F5: 2094.95 | G5: 1848.6299 | H5: 1439.3 | I5: 621.04999 | J5: 1402 | K5: =($B$22*$F5)+($B$23*$G5)+($B$24*$H5)+($B$25*$I5)+($B$26*$J5) -> 1481.186 | L5: =(K5/K4)-1 -> -0.00183009 | N5: Average Daily Return: | O5: =AVERAGE(L3:L741) -> 0.0007909382 | P5: =AVERAGE(L3:L250) -> 0.0010531305 | Q5: =AVERAGE(L251:L498) -> -0.00015285451 | R5: =AVERAGE(L499:L741) -> 0.0014865633
A6: RELIANCE | B6: 1237.4 | E6: 44294 | F6: 2094.6499 | G6: 1850.9374 | H6: 1453 | I6: 614.25 | J6: 1410 | K6: =($B$22*$F6)+($B$23*$G6)+($B$24*$H6)+($B$25*$I6)+($B$26*$J6) -> 1484.5675 | L6: =(K6/K5)-1 -> 0.0022829556 | N6: Annual Daily Return: | O6: =((1+O5)^252)-1 -> 0.22047197 | P6: =((1+P5)^248)-1 -> 0.29827821 | Q6: =((1+Q5)^243)-1 -> -0.036465019 | R6: =((1+R5)^243)-1 -> 0.43471562
A7: HDFCBANK | B7: 1736 | E7: 44295 | F7: 2068.8 | G7: 1829.4315 | H7: 1426 | I7: 636.75 | J7: 1414 | K7: =($B$22*$F7)+($B$23*$G7)+($B$24*$H7)+($B$25*$I7)+($B$26*$J7) -> 1474.9963 | L7: =(K7/K6)-1 -> -0.0064470916
A8: SUNPHARMA | B8: 1774 | E8: 44298 | F8: 1940.4 | G8: 1763.9908 | H8: 1393 | I8: 619.34998 | J8: 1393.95 | K8: =($B$22*$F8)+($B$23*$G8)+($B$24*$H8)+($B$25*$I8)+($B$26*$J8) -> 1422.1382 | L8: =(K8/K7)-1 -> -0.035836126 | N8: Daily Std Dev: | O8: =_xlfn.STDEV.S(L3:L741) -> 0.0096600652 | P8: =_xlfn.STDEV.S(L3:L250) -> 0.011901354 | Q8: =_xlfn.STDEV.S(L251:L498) -> 0.0096480284 | R8: =_xlfn.STDEV.S(L499:L741) -> 0.0065979
A9: LT | B9: 3511 | E9: 44299 | F9: 2118.3501 | G9: 1783.0508 | H9: 1368 | I9: 627.34998 | J9: 1347.25 | K9: =($B$22*$F9)+($B$23*$G9)+($B$24*$H9)+($B$25*$I9)+($B$26*$J9) -> 1448.8002 | L9: =(K9/K8)-1 -> 0.018747835 | N9: Annual Std Dev: | O9: =O8*SQRT(252) -> 0.15334878 | P9: =P8*SQRT(248) -> 0.18742271 | Q9: =Q8*SQRT(248) -> 0.1519373 | R9: =R8*SQRT(243) -> 0.10285108
E10: 44301 | F10: 2083.5 | G10: 1794.5883 | H10: 1405 | I10: 633.25 | J10: 1378.95 | K10: =($B$22*$F10)+($B$23*$G10)+($B$24*$H10)+($B$25*$I10)+($B$26*$J10) -> 1459.0576 | L10: =(K10/K9)-1 -> 0.0070799761
A11: Sum of all the stocks is calculated as: | E11: 44302 | F11: 2099.8999 | G11: 1783.3276 | H11: 1434.95 | I11: 646.04999 | J11: 1360.5 | K11: =($B$22*$F11)+($B$23*$G11)+($B$24*$H11)+($B$25*$I11)+($B$26*$J11) -> 1464.9455 | L11: =(K11/K10)-1 -> 0.0040353814
A12: Sum of all the Stocks | B12: =SUM(B5:B9) -> 14220.4 | E12: 44305 | F12: 2027.6 | G12: 1755.2684 | H12: 1390 | I12: 640.65002 | J12: 1340 | K12: =($B$22*$F12)+($B$23*$G12)+($B$24*$H12)+($B$25*$I12)+($B$26*$J12) -> 1430.7037 | L12: =(K12/K11)-1 -> -0.023374118
E13: 44306 | F13: 2020.15 | G13: 1754.7609 | H13: 1425 | I13: 645.15002 | J13: 1320 | K13: =($B$22*$F13)+($B$23*$G13)+($B$24*$H13)+($B$25*$I13)+($B$26*$J13) -> 1433.0122 | L13: =(K13/K12)-1 -> 0.0016135387 | N13: 2021-2024
A14: Number of stocks | B14: 5 | E14: 44308 | F14: 2033 | G14: 1759.6066 | H14: 1380 | I14: 639.95001 | J14: 1310 | K14: =($B$22*$F14)+($B$23*$G14)+($B$24*$H14)+($B$25*$I14)+($B$26*$J14) -> 1424.5113 | L14: =(K14/K13)-1 -> -0.0059321663 | N14: Variable | O14: Abbreviation | P14: Portfolio | Q14: CAPM Model Used (Assumption)
E15: 44309 | F15: 1969.65 | G15: 1757.7145 | H15: 1409 | I15: 637.95001 | J15: 1330 | K15: =($B$22*$F15)+($B$23*$G15)+($B$24*$H15)+($B$25*$I15)+($B$26*$J15) -> 1420.8629 | L15: =(K15/K14)-1 -> -0.0025611681 | N15: Risk Free Rate | O15: Rf | P15: 0.05
E16: 44312 | F16: 1977.5 | G16: 1788.6349 | H16: 1413 | I16: 634.70001 | J16: 1330.05 | K16: =($B$22*$F16)+($B$23*$G16)+($B$24*$H16)+($B$25*$I16)+($B$26*$J16) -> 1428.777 | L16: =(K16/K15)-1 -> 0.005569916 | N16: Annual Return | O16: Rp | P16: 0.2205
E17: 44313 | F17: 2014.8 | G17: 1835.5233 | H17: 1407.25 | I17: 639.25 | J17: 1339 | K17: =($B$22*$F17)+($B$23*$G17)+($B$24*$H17)+($B$25*$I17)+($B$26*$J17) -> 1447.1647 | L17: =(K17/K16)-1 -> 0.012869526 | N17: Annual Standard Deviation | O17: σ | P17: 0.1533
E18: 44314 | F18: 2051.1499 | G18: 1843.5072 | H18: 1436.25 | I18: 643.40002 | J18: 1384.85 | K18: =($B$22*$F18)+($B$23*$G18)+($B$24*$H18)+($B$25*$I18)+($B$26*$J18) -> 1471.8314 | L18: =(K18/K17)-1 -> 0.01704488
A19: Price Index | B19: =B12/B14 -> 2844.08 | E19: 44315 | F19: 2073.95 | G19: 1868.1975 | H19: 1486.2 | I19: 644.5 | J19: 1383.95 | K19: =($B$22*$F19)+($B$23*$G19)+($B$24*$H19)+($B$25*$I19)+($B$26*$J19) -> 1491.3595 | L19: =(K19/K18)-1 -> 0.013267859 | N19: Sharpe Ratio | P19: =(P16-P15)/P17 -> 1.1121983
E20: 44316 | F20: 2228.75 | G20: 1840.9229 | H20: 1445 | I20: 654.45001 | J20: 1350 | K20: =($B$22*$F20)+($B$23*$G20)+($B$24*$H20)+($B$25*$I20)+($B$26*$J20) -> 1503.8246 | L20: =(K20/K19)-1 -> 0.008358213
A21: Stock | B21: Weights | E21: 44319 | F21: 2282.8999 | G21: 1808.2025 | H21: 1393 | I21: 659.20001 | J21: 1325.5 | K21: =($B$22*$F21)+($B$23*$G21)+($B$24*$H21)+($B$25*$I21)+($B$26*$J21) -> 1493.7605 | L21: =(K21/K20)-1 -> -0.0066923278 | N21: *Sharpe Ratio = (Rp - Rf) / σ
A22: BASF | B22: =0.2 -> 0.2 | E22: 44320 | F22: 2281.55 | G22: 1769.0211 | H22: 1409.95 | I22: 645.15002 | J22: 1350 | K22: =($B$22*$F22)+($B$23*$G22)+($B$24*$H22)+($B$25*$I22)+($B$26*$J22) -> 1491.1342 | L22: =(K22/K21)-1 -> -0.0017581516 | N22: 2021-2022
A23: RELIANCE | B23: =0.2 -> 0.2 | E23: 44321 | F23: 2320.7 | G23: 1772.2517 | H23: 1401 | I23: 683.40002 | J23: 1342.2 | K23: =($B$22*$F23)+($B$23*$G23)+($B$24*$H23)+($B$25*$I23)+($B$26*$J23) -> 1503.9103 | L23: =(K23/K22)-1 -> 0.0085680406 | N23: Variable | O23: Abbreviation | P23: Portfolio | Q23: CAPM Model Used (Assumption)
A24: HDFCBANK | B24: =0.2 -> 0.2 | E24: 44322 | F24: 2294.8999 | G24: 1782.3124 | H24: 1407.6 | I24: 679.40002 | J24: 1344 | K24: =($B$22*$F24)+($B$23*$G24)+($B$24*$H24)+($B$25*$I24)+($B$26*$J24) -> 1501.6425 | L24: =(K24/K23)-1 -> -0.0015079829 | N24: Risk Free Rate | O24: Rf | P24: 0.05
A25: SUNPHARMA | B25: =0.2 -> 0.2 | E25: 44323 | F25: 2451.7 | G25: 1783.0046 | H25: 1412.95 | I25: 679.45001 | J25: 1347 | K25: =($B$22*$F25)+($B$23*$G25)+($B$24*$H25)+($B$25*$I25)+($B$26*$J25) -> 1534.8209 | L25: =(K25/K24)-1 -> 0.022094777 | N25: Annual Return | O25: Rp | P25: 0.2983
A26: LT | B26: =0.2 -> 0.2 | E26: 44326 | F26: 2480.45 | G26: 1777.882 | H26: 1427 | I26: 698.20001 | J26: 1347 | K26: =($B$22*$F26)+($B$23*$G26)+($B$24*$H26)+($B$25*$I26)+($B$26*$J26) -> 1546.1064 | L26: =(K26/K25)-1 -> 0.0073529579 | N26: Annual Standard Deviation | O26: σ | P26: 0.1874
A27: Sum of Weights | B27: =SUM(B22:B26) -> 1 | E27: 44327 | F27: 2493.6001 | G27: 1784.2969 | H27: 1396 | I27: 708.09998 | J27: 1380 | K27: =($B$22*$F27)+($B$23*$G27)+($B$24*$H27)+($B$25*$I27)+($B$26*$J27) -> 1552.3994 | L27: =(K27/K26)-1 -> 0.0040702281
E28: 44328 | F28: 2409.6499 | G28: 1765.8368 | H28: 1399.75 | I28: 702.84998 | J28: 1380 | K28: =($B$22*$F28)+($B$23*$G28)+($B$24*$H28)+($B$25*$I28)+($B$26*$J28) -> 1531.6173 | L28: =(K28/K27)-1 -> -0.013387055 | N28: Sharpe Ratio | P28: =((P25-P24)/P26) -> 1.3249733
E29: 44330 | F29: 2471.1499 | G29: 1788.1273 | H29: 1394.35 | I29: 691.45001 | J29: 1394 | K29: =($B$22*$F29)+($B$23*$G29)+($B$24*$H29)+($B$25*$I29)+($B$26*$J29) -> 1547.8154 | L29: =(K29/K28)-1 -> 0.010575819
E30: 44333 | F30: 2389.45 | G30: 1809.4025 | H30: 1395.15 | I30: 687.15002 | J30: 1433 | K30: =($B$22*$F30)+($B$23*$G30)+($B$24*$H30)+($B$25*$I30)+($B$26*$J30) -> 1542.8305 | L30: =(K30/K29)-1 -> -0.0032206351 | N30: *Sharpe Ratio = (Rp - Rf) / σ
E31: 44334 | F31: 2497.55 | G31: 1834.8772 | H31: 1458.95 | I31: 690.79999 | J31: 1405 | K31: =($B$22*$F31)+($B$23*$G31)+($B$24*$H31)+($B$25*$I31)+($B$26*$J31) -> 1577.4354 | L31: =(K31/K30)-1 -> 0.022429518 | N31: 2022-2023
E32: 44335 | F32: 2452.8 | G32: 1843.2765 | H32: 1470.2 | I32: 703.40002 | J32: 1414 | K32: =($B$22*$F32)+($B$23*$G32)+($B$24*$H32)+($B$25*$I32)+($B$26*$J32) -> 1576.7353 | L32: =(K32/K31)-1 -> -0.00044384346 | N32: Variable | O32: Abbreviation | P32: Portfolio | Q32: CAPM Model Used (Assumption)
E33: 44336 | F33: 2465.95 | G33: 1832.5236 | H33: 1458.35 | I33: 686.84998 | J33: 1410.8 | K33: =($B$22*$F33)+($B$23*$G33)+($B$24*$H33)+($B$25*$I33)+($B$26*$J33) -> 1570.8947 | L33: =(K33/K32)-1 -> -0.0037042363 | N33: Risk Free Rate | O33: Rf | P33: 0.05
E34: 44337 | F34: 2443.55 | G34: 1848.353 | H34: 1443 | I34: 690.40002 | J34: 1415 | K34: =($B$22*$F34)+($B$23*$G34)+($B$24*$H34)+($B$25*$I34)+($B$26*$J34) -> 1568.0606 | L34: =(K34/K33)-1 -> -0.0018041199 | N34: Annual Return | O34: Rp | P34: -0.0365
E35: 44340 | F35: 2405.3501 | G35: 1832.7543 | H35: 1503.25 | I35: 690.95001 | J35: 1420 | K35: =($B$22*$F35)+($B$23*$G35)+($B$24*$H35)+($B$25*$I35)+($B$26*$J35) -> 1570.4609 | L35: =(K35/K34)-1 -> 0.0015307166 | N35: Annual Standard Deviation | O35: σ | P35: 0.1519
E36: 44341 | F36: 2403.5 | G36: 1811.9868 | H36: 1510.5 | I36: 696.09998 | J36: 1460 | K36: =($B$22*$F36)+($B$23*$G36)+($B$24*$H36)+($B$25*$I36)+($B$26*$J36) -> 1576.4174 | L36: =(K36/K35)-1 -> 0.0037928242
E37: 44342 | F37: 2340.05 | G37: 1818.3555 | H37: 1480 | I37: 703.79999 | J37: 1458.9 | K37: =($B$22*$F37)+($B$23*$G37)+($B$24*$H37)+($B$25*$I37)+($B$26*$J37) -> 1560.2211 | L37: =(K37/K36)-1 -> -0.010274089 | N37: Sharpe Ratio | P37: =((P34-P33)/P35) -> -0.56945359
E38: 44343 | F38: 2374.05 | G38: 1823.9397 | H38: 1473.1 | I38: 699.5 | J38: 1475.95 | K38: =($B$22*$F38)+($B$23*$G38)+($B$24*$H38)+($B$25*$I38)+($B$26*$J38) -> 1569.3079 | L38: =(K38/K37)-1 -> 0.0058240647
E39: 44344 | F39: 2364.7 | G39: 1933.4998 | H39: 1490.9 | I39: 669.75 | J39: 1487.1 | K39: =($B$22*$F39)+($B$23*$G39)+($B$24*$H39)+($B$25*$I39)+($B$26*$J39) -> 1589.1899 | L39: =(K39/K38)-1 -> 0.012669283 | N39: *Sharpe Ratio = (Rp - Rf) / σ
E40: 44347 | F40: 2424.3 | G40: 1993.9562 | H40: 1500 | I40: 668.29999 | J40: 1472.3 | K40: =($B$22*$F40)+($B$23*$G40)+($B$24*$H40)+($B$25*$I40)+($B$26*$J40) -> 1611.7713 | L40: =(K40/K39)-1 -> 0.014209322 | N40: 2023-2024
E41: 44348 | F41: 2459.6001 | G41: 2001.894 | H41: 1520.3 | I41: 671.04999 | J41: 1465.95 | K41: =($B$22*$F41)+($B$23*$G41)+($B$24*$H41)+($B$25*$I41)+($B$26*$J41) -> 1623.7588 | L41: =(K41/K40)-1 -> 0.0074375152 | N41: Variable | O41: Abbreviation | P41: Portfolio | Q41: CAPM Model Used (Assumption)
E42: 44349 | F42: 2499 | G42: 2031.7531 | H42: 1510 | I42: 677.45001 | J42: 1468.3 | K42: =($B$22*$F42)+($B$23*$G42)+($B$24*$H42)+($B$25*$I42)+($B$26*$J42) -> 1637.3006 | L42: =(K42/K41)-1 -> 0.0083397833 | N42: Risk Free Rate | O42: Rf | P42: 0.05
E43: 44350 | F43: 2526 | G43: 2039.5062 | H43: 1508 | I43: 675.5 | J43: 1480.1 | K43: =($B$22*$F43)+($B$23*$G43)+($B$24*$H43)+($B$25*$I43)+($B$26*$J43) -> 1645.8212 | L43: =(K43/K42)-1 -> 0.0052040643 | N43: Annual Return | O43: Rp | P43: 0.4347
E44: 44351 | F44: 2499.6499 | G44: 2021.8308 | H44: 1516 | I44: 673.95001 | J44: 1518.95 | K44: =($B$22*$F44)+($B$23*$G44)+($B$24*$H44)+($B$25*$I44)+($B$26*$J44) -> 1646.0761 | L44: =(K44/K43)-1 -> 0.00015487393 | N44: Annual Standard Deviation | O44: σ | P44: 0.10285
E45: 44354 | F45: 2483 | G45: 2055.8894 | H45: 1510 | I45: 675.34998 | J45: 1545.45 | K45: =($B$22*$F45)+($B$23*$G45)+($B$24*$H45)+($B$25*$I45)+($B$26*$J45) -> 1653.9379 | L45: =(K45/K44)-1 -> 0.0047760434
E46: 44355 | F46: 2517.55 | G46: 2044.0751 | H46: 1496.55 | I46: 678.75 | J46: 1561 | K46: =($B$22*$F46)+($B$23*$G46)+($B$24*$H46)+($B$25*$I46)+($B$26*$J46) -> 1659.585 | L46: =(K46/K45)-1 -> 0.0034143774 | N46: Sharpe Ratio | P46: =((P43-P42)/P44) -> 3.7403986
E47: 44356 | F47: 2510.45 | G47: 2007.5243 | H47: 1483.9 | I47: 672.84998 | J47: 1550 | K47: =($B$22*$F47)+($B$23*$G47)+($B$24*$H47)+($B$25*$I47)+($B$26*$J47) -> 1644.9448 | L47: =(K47/K46)-1 -> -0.0088215941
E48: 44357 | F48: 2524.2 | G48: 2014.9083 | H48: 1482.1 | I48: 676.04999 | J48: 1525 | K48: =($B$22*$F48)+($B$23*$G48)+($B$24*$H48)+($B$25*$I48)+($B$26*$J48) -> 1644.4516 | L48: =(K48/K47)-1 -> -0.00029982805 | N48: *Sharpe Ratio = (Rp - Rf) / σ
E49: 44358 | F49: 2513.8 | G49: 2042.7367 | H49: 1491 | I49: 681.29999 | J49: 1521 | K49: =($B$22*$F49)+($B$23*$G49)+($B$24*$H49)+($B$25*$I49)+($B$26*$J49) -> 1649.9673 | L49: =(K49/K48)-1 -> 0.0033541261
E50: 44361 | F50: 2530.2 | G50: 2072.042 | H50: 1478.25 | I50: 677.09998 | J50: 1503.45 | K50: =($B$22*$F50)+($B$23*$G50)+($B$24*$H50)+($B$25*$I50)+($B$26*$J50) -> 1652.2084 | L50: =(K50/K49)-1 -> 0.0013582255
E51: 44362 | F51: 2549.8 | G51: 2076.7493 | H51: 1486 | I51: 673.20001 | J51: 1520 | K51: =($B$22*$F51)+($B$23*$G51)+($B$24*$H51)+($B$25*$I51)+($B$26*$J51) -> 1661.1499 | L51: =(K51/K50)-1 -> 0.0054118427
E52: 44363 | F52: 2774.05 | G52: 2041.306 | H52: 1488 | I52: 668.54999 | J52: 1505.85 | K52: =($B$22*$F52)+($B$23*$G52)+($B$24*$H52)+($B$25*$I52)+($B$26*$J52) -> 1695.5512 | L52: =(K52/K51)-1 -> 0.020709355
E53: 44364 | F53: 2693.6499 | G53: 2045.0442 | H53: 1466 | I53: 665.04999 | J53: 1481 | K53: =($B$22*$F53)+($B$23*$G53)+($B$24*$H53)+($B$25*$I53)+($B$26*$J53) -> 1670.1488 | L53: =(K53/K52)-1 -> -0.01498179
E54: 44365 | F54: 2645.3999 | G54: 2054.2742 | H54: 1469.5 | I54: 668.5 | J54: 1487.55 | K54: =($B$22*$F54)+($B$23*$G54)+($B$24*$H54)+($B$25*$I54)+($B$26*$J54) -> 1665.0448 | L54: =(K54/K53)-1 -> -0.0030560101
E55: 44368 | F55: 2576.1499 | G55: 2064.981 | H55: 1461.35 | I55: 671.34998 | J55: 1460 | K55: =($B$22*$F55)+($B$23*$G55)+($B$24*$H55)+($B$25*$I55)+($B$26*$J55) -> 1646.7662 | L55: =(K55/K54)-1 -> -0.01097788
E56: 44369 | F56: 2609.1499 | G56: 2054.3665 | H56: 1497 | I56: 666.79999 | J56: 1470.1 | K56: =($B$22*$F56)+($B$23*$G56)+($B$24*$H56)+($B$25*$I56)+($B$26*$J56) -> 1659.4833 | L56: =(K56/K55)-1 -> 0.0077224698
E57: 44370 | F57: 2597.1499 | G57: 2035.5374 | H57: 1490 | I57: 665.25 | J57: 1505 | K57: =($B$22*$F57)+($B$23*$G57)+($B$24*$H57)+($B$25*$I57)+($B$26*$J57) -> 1658.5875 | L57: =(K57/K56)-1 -> -0.00053981442
E58: 44371 | F58: 2566.25 | G58: 1987.6798 | H58: 1490 | I58: 664.79999 | J58: 1490 | K58: =($B$22*$F58)+($B$23*$G58)+($B$24*$H58)+($B$25*$I58)+($B$26*$J58) -> 1639.746 | L58: =(K58/K57)-1 -> -0.011359963
E59: 44372 | F59: 2595.55 | G59: 1942.4066 | H59: 1511.1 | I59: 672.25 | J59: 1510.5 | K59: =($B$22*$F59)+($B$23*$G59)+($B$24*$H59)+($B$25*$I59)+($B$26*$J59) -> 1646.3613 | L59: =(K59/K58)-1 -> 0.0040343863
E60: 44375 | F60: 2562.6001 | G60: 1925.3773 | H60: 1520 | I60: 676.29999 | J60: 1526 | K60: =($B$22*$F60)+($B$23*$G60)+($B$24*$H60)+($B$25*$I60)+($B$26*$J60) -> 1642.0555 | L60: =(K60/K59)-1 -> -0.0026153719
... E741: 45379 | F741: 3337.05 | G741: 2971.7 | H741: 1440.7 | I741: 1620.55 | J741: 3706.55 | K741: =($B$22*$F741)+($B$23*$G741)+($B$24*$H741)+($B$25*$I741)+($B$26*$J741) -> 2615.31 | L741: =(K741/K740)-1 -> 0.010146616

Sheet Sheet 3
A1: Date | B1: BASF | C1: RELIANCE | D1: HDFCBANK | E1: SUNPHARMA | F1: LT | G1: BASF Daily Returns | H1: RELIANCE Daily Returns | I1: HDFC BANK Daily Returns | J1: SUNPHARMA Daily Returns | K1: LT Daily Returns
A2: 44287 | B2: 2136.8999 | C2: 1866.1669 | D2: 1499.4 | E2: 610.75 | F2: 1432
A3: 44291 | B3: 2034.95 | C3: 1839.1692 | D3: 1480 | E3: 608.8 | F3: 1439 | G3: =(B3-B2)/B2 -> -0.047709254 | H3: =(C3-C2)/C2 -> -0.014466927 | I3: =(D3-D2)/D2 -> -0.012938509 | J3: =(E3-E2)/E2 -> -0.0031927957 | K3: =(F3-F2)/F2 -> 0.0048882682
A4: 44292 | B4: 2101.6499 | C4: 1831.5083 | D4: 1460 | E4: 620.45 | F4: 1405.9 | G4: =(B4-B3)/B3 -> 0.032777169 | H4: =(C4-C3)/C3 -> -0.0041654134 | I4: =(D4-D3)/D3 -> -0.013513514 | J4: =(E4-E3)/E3 -> 0.019136005 | K4: =(F4-F3)/F3 -> -0.023002085
A5: 44293 | B5: 2094.95 | C5: 1848.6299 | D5: 1439.3 | E5: 621.05 | F5: 1402 | G5: =(B5-B4)/B4 -> -0.0031879239 | H5: =(C5-C4)/C4 -> 0.0093483606 | I5: =(D5-D4)/D4 -> -0.014178082 | J5: =(E5-E4)/E4 -> 0.00096704005 | K5: =(F5-F4)/F4 -> -0.0027740238
A6: 44294 | B6: 2094.6499 | C6: 1850.9374 | D6: 1453 | E6: 614.25 | F6: 1410 | G6: =(B6-B5)/B5 -> -0.00014324924 | H6: =(C6-C5)/C5 -> 0.0012482217 | I6: =(D6-D5)/D5 -> 0.0095185159 | J6: =(E6-E5)/E5 -> -0.010949199 | K6: =(F6-F5)/F5 -> 0.0057061341
A7: 44295 | B7: 2068.8 | C7: 1829.4315 | D7: 1426 | E7: 636.75 | F7: 1414 | G7: =(B7-B6)/B6 -> -0.012340917 | H7: =(C7-C6)/C6 -> -0.011618923 | I7: =(D7-D6)/D6 -> -0.018582244 | J7: =(E7-E6)/E6 -> 0.036630037 | K7: =(F7-F6)/F6 -> 0.0028368794
A8: 44298 | B8: 1940.4 | C8: 1763.9908 | D8: 1393 | E8: 619.35 | F8: 1393.95 | G8: =(B8-B7)/B7 -> -0.062064965 | H8: =(C8-C7)/C7 -> -0.035771058 | I8: =(D8-D7)/D7 -> -0.023141655 | J8: =(E8-E7)/E7 -> -0.027326266 | K8: =(F8-F7)/F7 -> -0.014179632
A9: 44299 | B9: 2118.3501 | C9: 1783.0508 | D9: 1368 | E9: 627.35 | F9: 1347.25 | G9: =(B9-B8)/B8 -> 0.091707947 | H9: =(C9-C8)/C8 -> 0.010805045 | I9: =(D9-D8)/D8 -> -0.017946877 | J9: =(E9-E8)/E8 -> 0.012916768 | K9: =(F9-F8)/F8 -> -0.033501919
A10: 44301 | B10: 2083.5 | C10: 1794.5883 | D10: 1405 | E10: 633.25 | F10: 1378.95 | G10: =(B10-B9)/B9 -> -0.01645153 | H10: =(C10-C9)/C9 -> 0.0064706513 | I10: =(D10-D9)/D9 -> 0.027046784 | J10: =(E10-E9)/E9 -> 0.0094046386 | K10: =(F10-F9)/F9 -> 0.023529412
A11: 44302 | B11: 2099.8999 | C11: 1783.3276 | D11: 1434.95 | E11: 646.05 | F11: 1360.5 | G11: =(B11-B10)/B10 -> 0.0078713223 | H11: =(C11-C10)/C10 -> -0.0062748097 | I11: =(D11-D10)/D10 -> 0.021316726 | J11: =(E11-E10)/E10 -> 0.020213186 | K11: =(F11-F10)/F10 -> -0.013379745
A12: 44305 | B12: 2027.6 | C12: 1755.2684 | D12: 1390 | E12: 640.65 | F12: 1340 | G12: =(B12-B11)/B11 -> -0.034430165 | H12: =(C12-C11)/C11 -> -0.015734181 | I12: =(D12-D11)/D11 -> -0.031325133 | J12: =(E12-E11)/E11 -> -0.0083584862 | K12: =(F12-F11)/F11 -> -0.01506799
A13: 44306 | B13: 2020.15 | C13: 1754.7609 | D13: 1425 | E13: 645.15 | F13: 1320 | G13: =(B13-B12)/B12 -> -0.0036742947 | H13: =(C13-C12)/C12 -> -0.00028912957 | I13: =(D13-D12)/D12 -> 0.025179856 | J13: =(E13-E12)/E12 -> 0.0070241161 | K13: =(F13-F12)/F12 -> -0.014925373
A14: 44308 | B14: 2033 | C14: 1759.6066 | D14: 1380 | E14: 639.95 | F14: 1310 | G14: =(B14-B13)/B13 -> 0.0063609138 | H14: =(C14-C13)/C13 -> 0.0027614588 | I14: =(D14-D13)/D13 -> -0.031578947 | J14: =(E14-E13)/E13 -> -0.0080601411 | K14: =(F14-F13)/F13 -> -0.0075757576
... A16: 44312 | B16: 1977.5 | C16: 1788.6349 | D16: 1413 | E16: 634.7 | F16: 1330.05 | G16: =(B16-B15)/B15 -> 0.0039854797 | H16: =(C16-C15)/C15 -> 0.017591253 | I16: =(D16-D15)/D15 -> 0.0028388928 | J16: =(E16-E15)/E15 -> -0.0050944431 | K16: =(F16-F15)/F15 -> 3.7593985e-05
A17: 44313 | B17: 2014.8 | C17: 1835.5233 | D17: 1407.25 | E17: 639.25 | F17: 1339 | G17: =(B17-B16)/B16 -> 0.0188622 | H17: =(C17-C16)/C16 -> 0.026214629 | I17: =(D17-D16)/D16 -> -0.004069356 | J17: =(E17-E16)/E16 -> 0.0071687411 | K17: =(F17-F16)/F16 -> 0.0067290703 | N17: COVARIANCE MATRIX
A18: 44314 | B18: 2051.1499 | C18: 1843.5072 | D18: 1436.25 | E18: 643.4 | F18: 1384.85 | G18: =(B18-B17)/B17 -> 0.018041443 | H18: =(C18-C17)/C17 -> 0.0043496588 | I18: =(D18-D17)/D17 -> 0.020607568 | J18: =(E18-E17)/E17 -> 0.0064919828 | K18: =(F18-F17)/F17 -> 0.034241972 | O18: BASF | P18: Reliance | Q18: HDFC | R18: SUNPHARMA | S18: LT
A19: 44315 | B19: 2073.95 | C19: 1868.1975 | D19: 1486.2 | E19: 644.5 | F19: 1383.95 | G19: =(B19-B18)/B18 -> 0.011115765 | H19: =(C19-C18)/C18 -> 0.013393113 | I19: =(D19-D18)/D18 -> 0.034778068 | J19: =(E19-E18)/E18 -> 0.0017096674 | K19: =(F19-F18)/F18 -> -0.00064988988 | N19: BASF | O19: =VARP('Sheet 3'!$G$3:$G$741) -> 0.0004082621 | P19: 5.203688e-05 | Q19: 2.1424072e-05 | R19: 4.4366469e-05 | S19: 2.6676503e-05
A20: 44316 | B20: 2228.75 | C20: 1840.9229 | D20: 1445 | E20: 654.45 | F20: 1350 | G20: =(B20-B19)/B19 -> 0.074640179 | H20: =(C20-C19)/C19 -> -0.01459942 | I20: =(D20-D19)/D19 -> -0.027721706 | J20: =(E20-E19)/E19 -> 0.015438324 | K20: =(F20-F19)/F19 -> -0.024531233 | N20: Reliance | O20: 5.203688e-05 | P20: =VARP('Sheet 3'!$H$3:$H$741) -> 0.00021075539 | Q20: 2.4683269e-05 | R20: 3.66307e-05 | S20: 2.3076458e-05
A21: 44319 | B21: 2282.8999 | C21: 1808.2025 | D21: 1393 | E21: 659.2 | F21: 1325.5 | G21: =(B21-B20)/B20 -> 0.024296085 | H21: =(C21-C20)/C20 -> -0.017773911 | I21: =(D21-D20)/D20 -> -0.035986159 | J21: =(E21-E20)/E20 -> 0.0072580029 | K21: =(F21-F20)/F20 -> -0.018148148 | N21: HDFC | O21: 2.1424072e-05 | P21: 2.4683269e-05 | Q21: =VARP('Sheet 3'!$I$3:$I$741) -> 0.00022118063 | R21: 8.6026014e-06 | S21: 7.5230812e-05
A22: 44320 | B22: 2281.55 | C22: 1769.0211 | D22: 1409.95 | E22: 645.15 | F22: 1350 | G22: =(B22-B21)/B21 -> -0.00059130933 | H22: =(C22-C21)/C21 -> -0.021668701 | I22: =(D22-D21)/D21 -> 0.012167983 | J22: =(E22-E21)/E21 -> -0.021313714 | K22: =(F22-F21)/F21 -> 0.018483591 | N22: SUNPHARMA | O22: 4.4366469e-05 | P22: 3.66307e-05 | Q22: 8.6026014e-06 | R22: =VARP('Sheet 3'!$J$3:$J$741) -> 0.00017753864 | S22: 7.7587245e-07
A23: 44321 | B23: 2320.7 | C23: 1772.2517 | D23: 1401 | E23: 683.4 | F23: 1342.2 | G23: =(B23-B22)/B22 -> 0.017159387 | H23: =(C23-C22)/C22 -> 0.0018262077 | I23: =(D23-D22)/D22 -> -0.0063477428 | J23: =(E23-E22)/E22 -> 0.059288538 | K23: =(F23-F22)/F22 -> -0.0057777778 | N23: LT | O23: 2.6676503e-05 | P23: 2.3076458e-05 | Q23: 7.5230812e-05 | R23: 7.7587245e-07 | S23: =VARP('Sheet 3'!$K$3:$K$741) -> 0.00021097305
A24: 44322 | B24: 2294.8999 | C24: 1782.3124 | D24: 1407.6 | E24: 679.4 | F24: 1344 | G24: =(B24-B23)/B23 -> -0.011117378 | H24: =(C24-C23)/C23 -> 0.0056767896 | I24: =(D24-D23)/D23 -> 0.0047109208 | J24: =(E24-E23)/E23 -> -0.0058530875 | K24: =(F24-F23)/F23 -> 0.0013410818
A25: 44323 | B25: 2451.7 | C25: 1783.0046 | D25: 1412.95 | E25: 679.45 | F25: 1347 | G25: =(B25-B24)/B24 -> 0.068325464 | H25: =(C25-C24)/C24 -> 0.00038837187 | I25: =(D25-D24)/D24 -> 0.0038007957 | J25: =(E25-E24)/E24 -> 7.3594348e-05 | K25: =(F25-F24)/F24 -> 0.0022321429
A26: 44326 | B26: 2480.45 | C26: 1777.882 | D26: 1427 | E26: 698.2 | F26: 1347 | G26: =(B26-B25)/B25 -> 0.011726557 | H26: =(C26-C25)/C25 -> -0.0028730156 | I26: =(D26-D25)/D25 -> 0.0099437347 | J26: =(E26-E25)/E25 -> 0.02759585 | K26: =(F26-F25)/F25 -> 0 | N26: Stock | O26: Weights | V26: {=TRANSPOSE(N52:S102)} -> Portfolio | W26: 1 | X26: 2 | Y26: 3 | Z26: 4 | AA26: 5 | AB26: 6 | AC26: 7 | AD26: 8 | AE26: 9 | AF26: 10 | AG26: 11 | AH26: 12 | AI26: 13 | AJ26: 14 | AK26: 15 | AL26: 16 | AM26: 17 | AN26: 18 | AO26: 19 | AP26: 20 | AQ26: 21 | AR26: 22 | AS26: 23 | AT26: 24 | AU26: 25 | AV26: 26 | AW26: 27 | AX26: 28 | AY26: 29 | AZ26: 30 | BA26: 31 | BB26: 32 | BC26: 33 | BD26: 34 | BE26: 35 | BF26: 36 | BG26: 37 | BH26: 38 | BI26: 39 | BJ26: 40 | BK26: 41 | BL26: 42 | BM26: 43 | BN26: 44 | BO26: 45 | BP26: 46 | BQ26: 47 | BR26: 48 | BS26: 49 | BT26: 50
A27: 44327 | B27: 2493.6001 | C27: 1784.2969 | D27: 1396 | E27: 708.1 | F27: 1380 | G27: =(B27-B26)/B26 -> 0.0053014977 | H27: =(C27-C26)/C26 -> 0.0036081697 | I27: =(D27-D26)/D26 -> -0.021723896 | J27: =(E27-E26)/E26 -> 0.014179318 | K27: =(F27-F26)/F26 -> 0.024498886 | N27: BASF | O27: 0.41925684 | V27: BASF | W27: 0.25 | X27: 0.3 | Y27: 0.28 | Z27: 0.25 | AA27: 0.24 | AB27: 0.22 | AC27: 0.2 | AD27: 0.18 | AE27: 0.25 | AF27: 0.23 | AG27: 0.21 | AH27: 0.19 | AI27: 0.22 | AJ27: 0.24 | AK27: 0.26 | AL27: 0.28 | AM27: 0.3 | AN27: 0.32 | AO27: 0.34 | AP27: 0.35 | AQ27: 0.3 | AR27: 0.28 | AS27: 0.26 | AT27: 0.24 | AU27: 0.23 | AV27: 0.25 | AW27: 0.27 | AX27: 0.29 | AY27: 0.31 | AZ27: 0.28 | BA27: 0.25 | BB27: 0.22 | BC27: 0.19 | BD27: 0.18 | BE27: 0.17 | BF27: 0.28 | BG27: 0.26 | BH27: 0.24 | BI27: 0.29 | BJ27: 0.31 | BK27: 0.34 | BL27: 0.31 | BM27: 0.33 | BN27: 0.32 | BO27: 0.28 | BP27: 0.33 | BQ27: 0.31 | BR27: 0.29 | BS27: 0.26 | BT27: 0.27
A28: 44328 | B28: 2409.6499 | C28: 1765.8368 | D28: 1399.75 | E28: 702.85 | F28: 1380 | G28: =(B28-B27)/B27 -> -0.033666264 | H28: =(C28-C27)/C27 -> -0.010345868 | I28: =(D28-D27)/D27 -> 0.0026862464 | J28: =(E28-E27)/E27 -> -0.007414207 | K28: =(F28-F27)/F27 -> 0 | N28: RELIANCE | O28: 0.08701584 | V28: Reliance | W28: 0.3 | X28: 0.25 | Y28: 0.27 | Z28: 0.25 | AA28: 0.23 | AB28: 0.21 | AC28: 0.2 | AD28: 0.22 | AE28: 0.2 | AF28: 0.18 | AG28: 0.16 | AH28: 0.18 | AI28: 0.15 | AJ28: 0.18 | AK28: 0.2 | AL28: 0.22 | AM28: 0.24 | AN28: 0.26 | AO28: 0.28 | AP28: 0.25 | AQ28: 0.22 | AR28: 0.2 | AS28: 0.18 | AT28: 0.22 | AU28: 0.24 | AV28: 0.2 | AW28: 0.18 | AX28: 0.16 | AY28: 0.14 | AZ28: 0.17 | BA28: 0.15 | BB28: 0.18 | BC28: 0.22 | BD28: 0.23 | BE28: 0.21 | BF28: 0.27 | BG28: 0.25 | BH28: 0.23 | BI28: 0.21 | BJ28: 0.22 | BK28: 0.2 | BL28: 0.22 | BM28: 0.19 | BN28: 0.18 | BO28: 0.25 | BP28: 0.24 | BQ28: 0.23 | BR28: 0.25 | BS28: 0.26 | BT28: 0.22
A29: 44330 | B29: 2471.1499 | C29: 1788.1273 | D29: 1394.35 | E29: 691.45 | F29: 1394 | G29: =(B29-B28)/B28 -> 0.02552238 | H29: =(C29-C28)/C28 -> 0.012623194 | I29: =(D29-D28)/D28 -> -0.0038578318 | J29: =(E29-E28)/E28 -> -0.016219677 | K29: =(F29-F28)/F28 -> 0.010144928 | N29: HDFCBANK | O29: 0.12207814 | V29: HDFC SunPharma LT | W29: 0.2 | X29: 0.15 | Y29: 0.15 | Z29: 0.18 | AA29: 0.19 | AB29: 0.21 | AC29: 0.23 | AD29: 0.24 | AE29: 0.22 | AF29: 0.24 | AG29: 0.26 | AH29: 0.28 | AI29: 0.26 | AJ29: 0.22 | AK29: 0.2 | AL29: 0.18 | AM29: 0.16 | AN29: 0.14 | AO29: 0.12 | AP29: 0.1 | AQ29: 0.15 | AR29: 0.17 | AS29: 0.19 | AT29: 0.18 | AU29: 0.2 | AV29: 0.22 | AW29: 0.19 | AX29: 0.21 | AY29: 0.23 | AZ29: 0.25 | BA29: 0.23 | BB29: 0.26 | BC29: 0.21 | BD29: 0.22 | BE29: 0.23 | BF29: 0.16 | BG29: 0.17 | BH29: 0.18 | BI29: 0.15 | BJ29: 0.13 | BK29: 0.12 | BL29: 0.13 | BM29: 0.14 | BN29: 0.14 | BO29: 0.18 | BP29: 0.16 | BQ29: 0.17 | BR29: 0.15 | BS29: 0.19 | BT29: 0.16
A30: 44333 | B30: 2389.45 | C30: 1809.4025 | D30: 1395.15 | E30: 687.15 | F30: 1433 | G30: =(B30-B29)/B29 -> -0.033061491 | H30: =(C30-C29)/C29 -> 0.011898034 | I30: =(D30-D29)/D29 -> 0.00057374404 | J30: =(E30-E29)/E29 -> -0.0062188155 | K30: =(F30-F29)/F29 -> 0.027977044 | N30: SUNPHARMA | O30: 0.12475036 | V30: SunPharma | W30: 0.18 | X30: 0.2 | Y30: 0.2 | Z30: 0.22 | AA30: 0.24 | AB30: 0.26 | AC30: 0.27 | AD30: 0.26 | AE30: 0.23 | AF30: 0.25 | AG30: 0.27 | AH30: 0.25 | AI30: 0.27 | AJ30: 0.26 | AK30: 0.24 | AL30: 0.22 | AM30: 0.2 | AN30: 0.18 | AO30: 0.16 | AP30: 0.2 | AQ30: 0.23 | AR30: 0.25 | AS30: 0.27 | AT30: 0.26 | AU30: 0.23 | AV30: 0.25 | AW30: 0.27 | AX30: 0.24 | AY30: 0.22 | AZ30: 0.2 | BA30: 0.27 | BB30: 0.22 | BC30: 0.26 | BD30: 0.25 | BE30: 0.27 | BF30: 0.19 | BG30: 0.22 | BH30: 0.24 | BI30: 0.2 | BJ30: 0.2 | BK30: 0.22 | BL30: 0.2 | BM30: 0.22 | BN30: 0.24 | BO30: 0.2 | BP30: 0.19 | BQ30: 0.18 | BR30: 0.22 | BS30: 0.2 | BT30: 0.23
A31: 44334 | B31: 2497.55 | C31: 1834.8772 | D31: 1458.95 | E31: 690.8 | F31: 1405 | G31: =(B31-B30)/B30 -> 0.045240537 | H31: =(C31-C30)/C30 -> 0.014079068 | I31: =(D31-D30)/D30 -> 0.04572985 | J31: =(E31-E30)/E30 -> 0.0053117951 | K31: =(F31-F30)/F30 -> -0.019539428 | N31: LT | O31: 0.24689882 | V31: LT | W31: 0.07 | X31: 0.1 | Y31: 0.1 | Z31: 0.1 | AA31: 0.1 | AB31: 0.1 | AC31: 0.1 | AD31: 0.1 | AE31: 0.1 | AF31: 0.1 | AG31: 0.1 | AH31: 0.1 | AI31: 0.1 | AJ31: 0.1 | AK31: 0.1 | AL31: 0.1 | AM31: 0.1 | AN31: 0.1 | AO31: 0.1 | AP31: 0.1 | AQ31: 0.1 | AR31: 0.1 | AS31: 0.1 | AT31: 0.1 | AU31: 0.1 | AV31: 0.08 | AW31: 0.09 | AX31: 0.1 | AY31: 0.1 | AZ31: 0.1 | BA31: 0.1 | BB31: 0.12 | BC31: 0.12 | BD31: 0.12 | BE31: 0.12 | BF31: 0.1 | BG31: 0.1 | BH31: 0.11 | BI31: 0.15 | BJ31: 0.14 | BK31: 0.12 | BL31: 0.14 | BM31: 0.12 | BN31: 0.12 | BO31: 0.09 | BP31: 0.08 | BQ31: 0.11 | BR31: 0.09 | BS31: 0.09 | BT31: 0.12
A32: 44335 | B32: 2452.8 | C32: 1843.2765 | D32: 1470.2 | E32: 703.4 | F32: 1414 | G32: =(B32-B31)/B31 -> -0.017917559 | H32: =(C32-C31)/C31 -> 0.0045775815 | I32: =(D32-D31)/D31 -> 0.0077110251 | J32: =(E32-E31)/E31 -> 0.018239722 | K32: =(F32-F31)/F31 -> 0.006405694 | V32: PORTFOLIO VARIANCE | W32: {=MMULT(MMULT(TRANSPOSE(Y27:Y31),O19:S23),Y27:Y31)} -> 8.7695888e-05 | X32: {=MMULT(MMULT(TRANSPOSE(X27:X31),O19:S23),X27:X31)} -> 9.0234159e-05 | Y32: {=MMULT(MMULT(TRANSPOSE(Y27:Y31),O19:S23),Y27:Y31)} -> 8.7695888e-05 | Z32: {=MMULT(MMULT(TRANSPOSE(Z27:Z31),O19:S23),Z27:Z31)} -> 8.2032827e-05 | AA32: {=MMULT(MMULT(TRANSPOSE(AA27:AA31),O19:S23),AA27:AA31)} -> 8.0019104e-05 | AB32: {=MMULT(MMULT(TRANSPOSE(AB27:AB31),O19:S23),AB27:AB31)} -> 7.724248e-05 | AC32: {=MMULT(MMULT(TRANSPOSE(AC27:AC31),O19:S23),AC27:AC31)} -> 7.5227048e-05 | AD32: {=MMULT(MMULT(TRANSPOSE(AD27:AD31),O19:S23),AD27:AD31)} -> 7.3902514e-05 | AE32: {=MMULT(MMULT(TRANSPOSE(AE27:AE31),O19:S23),AE27:AE31)} -> 8.0831208e-05 | AF32: {=MMULT(MMULT(TRANSPOSE(AF27:AF31),O19:S23),AF27:AF31)} -> 7.8316908e-05 | AG32: {=MMULT(MMULT(TRANSPOSE(AG27:AG31),O19:S23),AG27:AG31)} -> 7.6510453e-05 | AH32: {=MMULT(MMULT(TRANSPOSE(AH27:AH31),O19:S23),AH27:AH31)} -> 7.5252231e-05 | AI32: {=MMULT(MMULT(TRANSPOSE(AI27:AI31),O19:S23),AI27:AI31)} -> 7.758222e-05 | AJ32: {=MMULT(MMULT(TRANSPOSE(AJ27:AJ31),O19:S23),AJ27:AJ31)} -> 7.9285572e-05 | AK32: {=MMULT(MMULT(TRANSPOSE(AK27:AK31),O19:S23),AK27:AK31)} -> 8.2062558e-05 | AL32: {=MMULT(MMULT(TRANSPOSE(AL27:AL31),O19:S23),AL27:AL31)} -> 8.554739e-05 | AM32: {=MMULT(MMULT(TRANSPOSE(AM27:AM31),O19:S23),AM27:AM31)} -> 8.9740067e-05 | AN32: {=MMULT(MMULT(TRANSPOSE(AN27:AN31),O19:S23),AN27:AN31)} -> 9.4640589e-05 | AO32: {=MMULT(MMULT(TRANSPOSE(AO27:AO31),O19:S23),AO27:AO31)} -> 0.00010024896 | AP32: {=MMULT(MMULT(TRANSPOSE(AP27:AP31),O19:S23),AP27:AP31)} -> 0.00010122301 | AQ32: {=MMULT(MMULT(TRANSPOSE(AQ27:AQ31),O19:S23),AQ27:AQ31)} -> 8.9180116e-05 | AR32: {=MMULT(MMULT(TRANSPOSE(AR27:AR31),O19:S23),AR27:AR31)} -> 8.5201324e-05 | AS32: {=MMULT(MMULT(TRANSPOSE(AS27:AS31),O19:S23),AS27:AS31)} -> 8.1930378e-05 | AT32: {=MMULT(MMULT(TRANSPOSE(AT27:AT31),O19:S23),AT27:AT31)} -> 7.9872283e-05 | AU32: {=MMULT(MMULT(TRANSPOSE(AU27:AU31),O19:S23),AU27:AU31)} -> 7.9079958e-05 | AV32: {=MMULT(MMULT(TRANSPOSE(AV27:AV31),O19:S23),AV27:AV31)} -> 8.1470426e-05 | AW32: {=MMULT(MMULT(TRANSPOSE(AW27:AW31),O19:S23),AW27:AW31)} -> 8.3737799e-05 | AX32: {=MMULT(MMULT(TRANSPOSE(AX27:AX31),O19:S23),AX27:AX31)} -> 8.6256204e-05 | AY32: {=MMULT(MMULT(TRANSPOSE(AY27:AY31),O19:S23),AY27:AY31)} -> 8.9902786e-05 | AZ32: {=MMULT(MMULT(TRANSPOSE(AZ27:AZ31),O19:S23),AZ27:AZ31)} -> 8.5576255e-05 | BA32: {=MMULT(MMULT(TRANSPOSE(BA27:BA31),O19:S23),BA27:BA31)} -> 8.0634446e-05 | BB32: {=MMULT(MMULT(TRANSPOSE(BB27:BB31),O19:S23),BB27:BB31)} -> 7.7374395e-05 | BC32: {=MMULT(MMULT(TRANSPOSE(BC27:BC31),O19:S23),BC27:BC31)} -> 7.3861466e-05 | BD32: {=MMULT(MMULT(TRANSPOSE(BD27:BD31),O19:S23),BD27:BD31)} -> 7.3316142e-05 | BE32: {=MMULT(MMULT(TRANSPOSE(BE27:BE31),O19:S23),BE27:BE31)} -> 7.2298999e-05 | BF32: {=MMULT(MMULT(TRANSPOSE(BF27:BF31),O19:S23),BF27:BF31)} -> 8.7651946e-05 | BG32: {=MMULT(MMULT(TRANSPOSE(BG27:BG31),O19:S23),BG27:BG31)} -> 8.3503573e-05 | BH32: {=MMULT(MMULT(TRANSPOSE(BH27:BH31),O19:S23),BH27:BH31)} -> 7.97444e-05 | BI32: {=MMULT(MMULT(TRANSPOSE(BI27:BI31),O19:S23),BI27:BI31)} -> 8.6157447e-05 | BJ32: {=MMULT(MMULT(TRANSPOSE(BJ27:BJ31),O19:S23),BJ27:BJ31)} -> 9.0336772e-05 | BK32: {=MMULT(MMULT(TRANSPOSE(BK27:BK31),O19:S23),BK27:BK31)} -> 9.6258243e-05 | BL32: {=MMULT(MMULT(TRANSPOSE(BL27:BL31),O19:S23),BL27:BL31)} -> 9.0336772e-05 | BM32: {=MMULT(MMULT(TRANSPOSE(BM27:BM31),O19:S23),BM27:BM31)} -> 9.3620238e-05 | BN32: {=MMULT(MMULT(TRANSPOSE(BN27:BN31),O19:S23),BN27:BN31)} -> 9.1567954e-05 | BO32: {=MMULT(MMULT(TRANSPOSE(BO27:BO31),O19:S23),BO27:BO31)} -> 8.6922692e-05 | BP32: {=MMULT(MMULT(TRANSPOSE(BP27:BP31),O19:S23),BP27:BP31)} -> 9.6093012e-05 | BQ32: {=MMULT(MMULT(TRANSPOSE(BQ27:BQ31),O19:S23),BQ27:BQ31)} -> 9.1031044e-05 | BR32: {=MMULT(MMULT(TRANSPOSE(BR27:BR31),O19:S23),BR27:BR31)} -> 8.8797078e-05 | BS32: {=MMULT(MMULT(TRANSPOSE(BS27:BS31),O19:S23),BS27:BS31)} -> 8.4238188e-05 | BT32: {=MMULT(MMULT(TRANSPOSE(BT27:BT31),O19:S23),BT27:BT31)} -> 8.355488e-05
A33: 44336 | B33: 2465.95 | C33: 1832.5236 | D33: 1458.35 | E33: 686.85 | F33: 1410.8 | G33: =(B33-B32)/B32 -> 0.0053612198 | H33: =(C33-C32)/C32 -> -0.0058335795 | I33: =(D33-D32)/D32 -> -0.0080601279 | J33: =(E33-E32)/E32 -> -0.023528575 | K33: =(F33-F32)/F32 -> -0.0022630835 | V33: PORTFOLIO RISK | W33: =(W32)^0.5 -> 0.0093646083 | X33: =(X32)^0.5 -> 0.0094991662 | Y33: =(Y32)^0.5 -> 0.0093646083 | Z33: =(Z32)^0.5 -> 0.0090571975 | AA33: =(AA32)^0.5 -> 0.0089453398 | AB33: =(AB32)^0.5 -> 0.0087887701 | AC33: =(AC32)^0.5 -> 0.0086733527 | AD33: =(AD32)^0.5 -> 0.0085966571 | ... BT33: =(BT32)^0.5 -> 0.0091408359
A34: 44337 | B34: 2443.55 | C34: 1848.353 | D34: 1443 | E34: 690.4 | F34: 1415 | G34: =(B34-B33)/B33 -> -0.0090837203 | H34: =(C34-C33)/C33 -> 0.0086380334 | I34: =(D34-D33)/D33 -> -0.010525594 | J34: =(E34-E33)/E33 -> 0.005168523 | K34: =(F34-F33)/F33 -> 0.0029770343
A35: 44340 | B35: 2405.3501 | C35: 1832.7543 | D35: 1503.25 | E35: 690.95 | F35: 1420 | G35: =(B35-B34)/B34 -> -0.015632952 | H35: =(C35-C34)/C34 -> -0.0084392429 | I35: =(D35-D34)/D34 -> 0.041753292 | J35: =(E35-E34)/E34 -> 0.00079663963 | K35: =(F35-F34)/F34 -> 0.0035335689 | N35: Portfolio Variance Using MMULT | O35: {=MMULT(MMULT(TRANSPOSE(O27:O31),O19:S23),O27:O31)} -> 0.00011558826
A36: 44341 | B36: 2403.5 | C36: 1811.9868 | D36: 1510.5 | E36: 696.1 | F36: 1460 | G36: =(B36-B35)/B35 -> -0.00076916038 | H36: =(C36-C35)/C35 -> -0.011331306 | I36: =(D36-D35)/D35 -> 0.0048228838 | J36: =(E36-E35)/E35 -> 0.007453506 | K36: =(F36-F35)/F35 -> 0.028169014
A37: 44342 | B37: 2340.05 | C37: 1818.3555 | D37: 1480 | E37: 703.8 | F37: 1458.9 | G37: =(B37-B36)/B36 -> -0.026399001 | H37: =(C37-C36)/C36 -> 0.0035147607 | I37: =(D37-D36)/D36 -> -0.020191989 | J37: =(E37-E36)/E36 -> 0.011061629 | K37: =(F37-F36)/F36 -> -0.00075342466
A38: 44343 | B38: 2374.05 | C38: 1823.9397 | D38: 1473.1 | E38: 699.5 | F38: 1475.95 | G38: =(B38-B37)/B37 -> 0.014529604 | H38: =(C38-C37)/C37 -> 0.0030710166 | I38: =(D38-D37)/D37 -> -0.0046621622 | J38: =(E38-E37)/E37 -> -0.0061096903 | K38: =(F38-F37)/F37 -> 0.011686887
A39: 44344 | B39: 2364.7 | C39: 1933.4998 | D39: 1490.9 | E39: 669.75 | F39: 1487.1 | G39: =(B39-B38)/B38 -> -0.0039384175 | H39: =(C39-C38)/C38 -> 0.06006783 | I39: =(D39-D38)/D38 -> 0.012083362 | J39: =(E39-E38)/E38 -> -0.042530379 | K39: =(F39-F38)/F38 -> 0.0075544565 | N39: Stock | O39: Average Daily Returns
A40: 44347 | B40: 2424.3 | C40: 1993.9562 | D40: 1500 | E40: 668.3 | F40: 1472.3 | G40: =(B40-B39)/B39 -> 0.025204043 | H40: =(C40-C39)/C39 -> 0.031267859 | I40: =(D40-D39)/D39 -> 0.0061036958 | J40: =(E40-E39)/E39 -> -0.0021649869 | K40: =(F40-F39)/F39 -> -0.0099522561 | N40: BASF | O40: =AVERAGE(G3:G741) -> 0.0008035909
A41: 44348 | B41: 2459.6001 | C41: 2001.894 | D41: 1520.3 | E41: 671.05 | F41: 1465.95 | G41: =(B41-B40)/B40 -> 0.014560945 | H41: =(C41-C40)/C40 -> 0.00398093 | I41: =(D41-D40)/D40 -> 0.013533333 | J41: =(E41-E40)/E40 -> 0.0041149184 | K41: =(F41-F40)/F40 -> -0.0043129797 | N41: RELIANCE | O41: =AVERAGE(H3:H741) -> 0.0007348726
A42: 44349 | B42: 2499 | C42: 2031.7531 | D42: 1510 | E42: 677.45 | F42: 1468.3 | G42: =(B42-B41)/B41 -> 0.016018824 | H42: =(C42-C41)/C41 -> 0.014915425 | I42: =(D42-D41)/D41 -> -0.0067749786 | J42: =(E42-E41)/E41 -> 0.0095372923 | K42: =(F42-F41)/F41 -> 0.001603056 | N42: HDFCBANK | O42: =AVERAGE(I2:I741) -> 5.6524131e-05
A43: 44350 | B43: 2526 | C43: 2039.5062 | D43: 1508 | E43: 675.5 | F43: 1480.1 | G43: =(B43-B42)/B42 -> 0.010804322 | H43: =(C43-C42)/C42 -> 0.0038159656 | I43: =(D43-D42)/D42 -> -0.0013245033 | J43: =(E43-E42)/E42 -> -0.0028784412 | K43: =(F43-F42)/F42 -> 0.0080365048 | N43: SUNPHARMA | O43: =AVERAGE(J2:J741) -> 0.001409243
A44: 44351 | B44: 2499.6499 | C44: 2021.8308 | D44: 1516 | E44: 673.95 | F44: 1518.95 | G44: =(B44-B43)/B43 -> -0.010431552 | H44: =(C44-C43)/C43 -> -0.0086665096 | I44: =(D44-D43)/D43 -> 0.0053050398 | J44: =(E44-E43)/E43 -> -0.0022945966 | K44: =(F44-F43)/F43 -> 0.026248226 | N44: LT | O44: =AVERAGE(K2:K741) -> 0.0013930082
A45: 44354 | B45: 2483 | C45: 2055.8894 | D45: 1510 | E45: 675.35 | F45: 1545.45 | G45: =(B45-B44)/B44 -> -0.0066608928 | H45: =(C45-C44)/C44 -> 0.016845425 | I45: =(D45-D44)/D44 -> -0.0039577836 | J45: =(E45-E44)/E44 -> 0.0020773054 | K45: =(F45-F44)/F44 -> 0.017446262
A46: 44355 | B46: 2517.55 | C46: 2044.0751 | D46: 1496.55 | E46: 678.75 | F46: 1561 | G46: =(B46-B45)/B45 -> 0.013914619 | H46: =(C46-C45)/C45 -> -0.005746564 | I46: =(D46-D45)/D45 -> -0.0089072848 | J46: =(E46-E45)/E45 -> 0.0050344266 | K46: =(F46-F45)/F45 -> 0.010061794 | N46: Price Weighted Portfolio
A47: 44356 | B47: 2510.45 | C47: 2007.5243 | D47: 1483.9 | E47: 672.85 | F47: 1550 | G47: =(B47-B46)/B46 -> -0.0028202022 | H47: =(C47-C46)/C46 -> -0.017881339 | I47: =(D47-D46)/D46 -> -0.0084527747 | J47: =(E47-E46)/E46 -> -0.0086924494 | K47: =(F47-F46)/F46 -> -0.0070467649 | N47: Expected Returns of Portfolio | O47: =((O27*O40)+(O28*O41)+(O29*O42)+(O30*O43)+(O31*O44)) -> 0.00092749255
A48: 44357 | B48: 2524.2 | C48: 2014.9083 | D48: 1482.1 | E48: 676.05 | F48: 1525 | G48: =(B48-B47)/B47 -> 0.0054771057 | H48: =(C48-C47)/C47 -> 0.0036781622 | I48: =(D48-D47)/D47 -> -0.0012130197 | J48: =(E48-E47)/E47 -> 0.0047558891 | K48: =(F48-F47)/F47 -> -0.016129032 | N48: Portfolio Risk | O48: =(O35)^0.5 -> 0.010751198
A49: 44358 | B49: 2513.8 | C49: 2042.7367 | D49: 1491 | E49: 681.3 | F49: 1521 | G49: =(B49-B48)/B48 -> -0.0041201173 | H49: =(C49-C48)/C48 -> 0.013811249 | I49: =(D49-D48)/D48 -> 0.0060049929 | J49: =(E49-E48)/E48 -> 0.0077656978 | K49: =(F49-F48)/F48 -> -0.0026229508
A50: 44361 | B50: 2530.2 | C50: 2072.042 | D50: 1478.25 | E50: 677.1 | F50: 1503.45 | G50: =(B50-B49)/B49 -> 0.0065239876 | H50: =(C50-C49)/C49 -> 0.014346098 | I50: =(D50-D49)/D49 -> -0.0085513078 | J50: =(E50-E49)/E49 -> -0.0061646852 | K50: =(F50-F49)/F49 -> -0.011538462
A51: 44362 | B51: 2549.8 | C51: 2076.7493 | D51: 1486 | E51: 673.2 | F51: 1520 | G51: =(B51-B50)/B50 -> 0.0077464232 | H51: =(C51-C50)/C50 -> 0.0022718169 | I51: =(D51-D50)/D50 -> 0.0052426856 | J51: =(E51-E50)/E50 -> -0.0057598582 | K51: =(F51-F50)/F50 -> 0.011008015
A52: 44363 | B52: 2774.05 | C52: 2041.306 | D52: 1488 | E52: 668.55 | F52: 1505.85 | G52: =(B52-B51)/B51 -> 0.087948074 | H52: =(C52-C51)/C51 -> -0.017066721 | I52: =(D52-D51)/D51 -> 0.001345895 | J52: =(E52-E51)/E51 -> -0.0069073084 | K52: =(F52-F51)/F51 -> -0.0093092105 | N52: Portfolio | O52: BASF | P52: Reliance | Q52: HDFC SunPharma LT | R52: SunPharma | S52: LT | U52: Expected Returns of Portfolios | V52: {=TRANSPOSE(V33:BT33)} -> PORTFOLIO RISK
A53: 44364 | B53: 2693.6499 | C53: 2045.0442 | D53: 1466 | E53: 665.05 | F53: 1481 | G53: =(B53-B52)/B52 -> -0.028982931 | H53: =(C53-C52)/C52 -> 0.0018312786 | I53: =(D53-D52)/D52 -> -0.014784946 | J53: =(E53-E52)/E52 -> -0.0052352105 | K53: =(F53-F52)/F52 -> -0.016502308 | N53: 1 | O53: 0.25 | P53: 0.3 | Q53: 0.2 | R53: 0.18 | S53: 0.07 | U53: =((O53*O40)+(P53*O41)+(Q53*O42)+(R53*O43)+(S53*O44)) -> 0.00078383864 | V53: 0.0093646083
A54: 44365 | B54: 2645.3999 | C54: 2054.2742 | D54: 1469.5 | E54: 668.5 | F54: 1487.55 | G54: =(B54-B53)/B53 -> -0.017912499 | H54: =(C54-C53)/C53 -> 0.0045133499 | I54: =(D54-D53)/D53 -> 0.0023874488 | J54: =(E54-E53)/E53 -> 0.0051875799 | K54: =(F54-F53)/F53 -> 0.0044226874 | N54: 2 | O54: 0.3 | P54: 0.25 | Q54: 0.15 | R54: 0.2 | S54: 0.1 | U54: =((O54*O40)+(P54*O41)+(Q54*O42)+(R54*O43)+(S54*O44)) -> 0.00085442346 | V54: 0.0094991662
A55: 44368 | B55: 2576.1499 | C55: 2064.981 | D55: 1461.35 | E55: 671.35 | F55: 1460 | G55: =(B55-B54)/B54 -> -0.026177517 | H55: =(C55-C54)/C54 -> 0.0052119625 | I55: =(D55-D54)/D54 -> -0.0055461041 | J55: =(E55-E54)/E54 -> 0.004263276 | K55: =(F55-F54)/F54 -> -0.018520386 | N55: 3 | O55: 0.28 | P55: 0.27 | Q55: 0.15 | R55: 0.2 | S55: 0.1 | U55: =((O55*O40)+(P55*O41)+(Q55*O42)+(R55*O43)+(S55*O44)) -> 0.00085304909 | V55: 0.0093646083
A56: 44369 | B56: 2609.1499 | C56: 2054.3665 | D56: 1497 | E56: 666.8 | F56: 1470.1 | G56: =(B56-B55)/B55 -> 0.012809814 | H56: =(C56-C55)/C55 -> -0.005140241 | I56: =(D56-D55)/D55 -> 0.024395251 | J56: =(E56-E55)/E55 -> -0.0067773888 | K56: =(F56-F55)/F55 -> 0.0069178082 | N56: 4 | O56: 0.25 | P56: 0.25 | Q56: 0.18 | R56: 0.22 | S56: 0.1 | U56: =((O56*O40)+(P56*O41)+(Q56*O42)+(R56*O43)+(S56*O44)) -> 0.0008441245 | V56: 0.0090571975
A57: 44370 | B57: 2597.1499 | C57: 2035.5374 | D57: 1490 | E57: 665.25 | F57: 1505 | G57: =(B57-B56)/B56 -> -0.0045991991 | H57: =(C57-C56)/C56 -> -0.0091654045 | I57: =(D57-D56)/D56 -> -0.0046760187 | J57: =(E57-E56)/E56 -> -0.0023245351 | K57: =(F57-F56)/F56 -> 0.023739882 | N57: 5 | O57: 0.24 | P57: 0.23 | Q57: 0.19 | R57: 0.24 | S57: 0.1 | U57: =((O57*O40)+(P57*O41)+(Q57*O42)+(R57*O43)+(S57*O44)) -> 0.00085014124 | V57: 0.0089453398
A58: 44371 | B58: 2566.25 | C58: 1987.6798 | D58: 1490 | E58: 664.8 | F58: 1490 | G58: =(B58-B57)/B57 -> -0.011897619 | H58: =(C58-C57)/C57 -> -0.023511039 | I58: =(D58-D57)/D57 -> 0 | J58: =(E58-E57)/E57 -> -0.00067643743 | K58: =(F58-F57)/F57 -> -0.0099667774 | N58: 6 | O58: 0.22 | P58: 0.21 | Q58: 0.21 | R58: 0.26 | S58: 0.1 | U58: =((O58*O40)+(P58*O41)+(Q58*O42)+(R58*O43)+(S58*O44)) -> 0.00084868731 | V58: 0.0087887701
A59: 44372 | B59: 2595.55 | C59: 1942.4066 | D59: 1511.1 | E59: 672.25 | F59: 1510.5 | G59: =(B59-B58)/B58 -> 0.011417438 | H59: =(C59-C58)/C58 -> -0.022776908 | I59: =(D59-D58)/D58 -> 0.014161074 | J59: =(E59-E58)/E58 -> 0.011206378 | K59: =(F59-F58)/F58 -> 0.013758389 | N59: 7 | O59: 0.2 | P59: 0.2 | Q59: 0.23 | R59: 0.27 | S59: 0.1 | U59: =((O59*O40)+(P59*O41)+(Q59*O42)+(R59*O43)+(S59*O44)) -> 0.00084048968 | V59: 0.0086733527
A60: 44375 | B60: 2562.6001 | C60: 1925.3773 | D60: 1520 | E60: 676.3 | F60: 1526 | G60: =(B60-B59)/B59 -> -0.012694766 | H60: =(C60-C59)/C59 -> -0.008767114 | I60: =(D60-D59)/D59 -> 0.0058897492 | J60: =(E60-E59)/E59 -> 0.0060245444 | K60: =(F60-F59)/F59 -> 0.010261503 | N60: 8 | O60: 0.18 | P60: 0.22 | Q60: 0.24 | R60: 0.26 | S60: 0.1 | U60: =((O60*O40)+(P60*O41)+(Q60*O42)+(R60*O43)+(S60*O44)) -> 0.00082558812 | V60: 0.0085966571
A61: 44376 | B61: 2532.2 | C61: 1927.0387 | D61: 1507 | E61: 677.6 | F61: 1513 | G61: =(B61-B60)/B60 -> -0.01186299 | H61: =(C61-C60)/C60 -> 0.00086289581 | I61: =(D61-D60)/D60 -> -0.0085526316 | J61: =(E61-E60)/E60 -> 0.0019222239 | K61: =(F61-F60)/F60 -> -0.0085190039 | N61: 9 | O61: 0.25 | P61: 0.2 | Q61: 0.22 | R61: 0.23 | S61: 0.1 | U61: =((O61*O40)+(P61*O41)+(Q61*O42)+(R61*O43)+(S61*O44)) -> 0.00082373426 | V61: 0.0089906178
A62: 44377 | B62: 2599.3 | C62: 1948.1293 | D62: 1498 | E62: 675.45 | F62: 1516 | G62: =(B62-B61)/B61 -> 0.026498697 | H62: =(C62-C61)/C61 -> 0.010944565 | I62: =(D62-D61)/D61 -> -0.0059721301 | J62: =(E62-E61)/E61 -> -0.0031729634 | K62: =(F62-F61)/F61 -> 0.0019828156 | N62: 10 | O62: 0.23 | P62: 0.18 | Q62: 0.24 | R62: 0.25 | S62: 0.1 | U62: =((O62*O40)+(P62*O41)+(Q62*O42)+(R62*O43)+(S62*O44)) -> 0.00082228034 | V62: 0.0088496841
A63: 44378 | B63: 2584.7 | C63: 1936.4072 | D63: 1502 | E63: 684.15 | F63: 1497.1 | G63: =(B63-B62)/B62 -> -0.0056168969 | H63: =(C63-C62)/C62 -> -0.0060171057 | I63: =(D63-D62)/D62 -> 0.002670227 | J63: =(E63-E62)/E62 -> 0.012880302 | K63: =(F63-F62)/F62 -> -0.012467018 | N63: 11 | O63: 0.21 | P63: 0.16 | Q63: 0.26 | R63: 0.27 | S63: 0.1 | U63: =((O63*O40)+(P63*O41)+(Q63*O42)+(R63*O43)+(S63*O44)) -> 0.00082082641 | V63: 0.0087470254
A64: 44379 | B64: 2626.1499 | C64: 1965.1124 | D64: 1485 | E64: 681.25 | F64: 1500 | G64: =(B64-B63)/B63 -> 0.016036639 | H64: =(C64-C63)/C63 -> 0.014823948 | I64: =(D64-D63)/D63 -> -0.011318242 | J64: =(E64-E63)/E63 -> -0.0042388365 | K64: =(F64-F63)/F63 -> 0.0019370784 | N64: 12 | O64: 0.19 | P64: 0.18 | Q64: 0.28 | R64: 0.25 | S64: 0.1 | U64: =((O64*O40)+(P64*O41)+(Q64*O42)+(R64*O43)+(S64*O44)) -> 0.00079239766 | V64: 0.0086748044
A65: 44382 | B65: 2602.3999 | C65: 1984.6339 | D65: 1489.95 | E65: 680.2 | F65: 1490 | G65: =(B65-B64)/B64 -> -0.0090436574 | H65: =(C65-C64)/C64 -> 0.0099340374 | I65: =(D65-D64)/D64 -> 0.0033333333 | J65: =(E65-E64)/E64 -> -0.0015412844 | K65: =(F65-F64)/F64 -> -0.0066666667 | N65: 13 | O65: 0.22 | P65: 0.15 | Q65: 0.26 | R65: 0.27 | S65: 0.1 | U65: =((O65*O40)+(P65*O41)+(Q65*O42)+(R65*O43)+(S65*O44)) -> 0.00082151359 | V65: 0.008808077
A66: 44383 | B66: 2599.1499 | C66: 1961.1897 | D66: 1497 | E66: 673.25 | F66: 1506 | G66: =(B66-B65)/B65 -> -0.0012488473 | H66: =(C66-C65)/C65 -> -0.011812859 | I66: =(D66-D65)/D65 -> 0.0047317024 | J66: =(E66-E65)/E65 -> -0.010217583 | K66: =(F66-F65)/F65 -> 0.010738255 | N66: 14 | O66: 0.24 | P66: 0.18 | Q66: 0.22 | R66: 0.26 | S66: 0.1 | U66: =((O66*O40)+(P66*O41)+(Q66*O42)+(R66*O43)+(S66*O44)) -> 0.00084327819 | V66: 0.0089042446
A67: 44384 | B67: 2632.3501 | C67: 1947.5754 | D67: 1534 | E67: 680.1 | F67: 1495 | G67: =(B67-B66)/B66 -> 0.012773484 | H67: =(C67-C66)/C66 -> -0.0069418578 | I67: =(D67-D66)/D66 -> 0.024716099 | J67: =(E67-E66)/E66 -> 0.010174527 | K67: =(F67-F66)/F66 -> -0.0073041169 | N67: 15 | O67: 0.26 | P67: 0.2 | Q67: 0.2 | R67: 0.24 | S67: 0.1 | U67: =((O67*O40)+(P67*O41)+(Q67*O42)+(R67*O43)+(S67*O44)) -> 0.00084473212 | V67: 0.0090588387
A68: 44385 | B68: 2603.5 | C68: 1931.4691 | D68: 1525 | E68: 666.9 | F68: 1503 | G68: =(B68-B67)/B67 -> -0.010959826 | H68: =(C68-C67)/C67 -> -0.0082699237 | I68: =(D68-D67)/D67 -> -0.0058670143 | J68: =(E68-E67)/E67 -> -0.01940891 | K68: =(F68-F67)/F67 -> 0.0053511706 | N68: 16 | O68: 0.28 | P68: 0.22 | Q68: 0.18 | R68: 0.22 | S68: 0.1 | U68: =((O68*O40)+(P68*O41)+(Q68*O42)+(R68*O43)+(S68*O44)) -> 0.00084618605 | V68: 0.0092491832
A69: 44386 | B69: 2591.55 | C69: 1911.7169 | D69: 1512.55 | E69: 667.9 | F69: 1497.9 | G69: =(B69-B68)/B68 -> -0.004589975 | H69: =(C69-C68)/C68 -> -0.010226516 | I69: =(D69-D68)/D68 -> -0.0081639344 | J69: =(E69-E68)/E68 -> 0.0014994752 | K69: =(F69-F68)/F68 -> -0.0033932136 | N69: 17 | O69: 0.3 | P69: 0.24 | Q69: 0.16 | R69: 0.2 | S69: 0.1 | U69: =((O69*O40)+(P69*O41)+(Q69*O42)+(R69*O43)+(S69*O44)) -> 0.00084763997 | V69: 0.0094731234
A70: 44389 | B70: 2622.05 | C70: 1923.6237 | D70: 1502 | E70: 668.55 | F70: 1504.4 | G70: =(B70-B69)/B69 -> 0.011769019 | H70: =(C70-C69)/C69 -> 0.0062283281 | I70: =(D70-D69)/D69 -> -0.006974976 | J70: =(E70-E69)/E69 -> 0.00097319958 | K70: =(F70-F69)/F69 -> 0.0043394085 | N70: 18 | O70: 0.32 | P70: 0.26 | Q70: 0.14 | R70: 0.18 | S70: 0.1 | U70: =((O70*O40)+(P70*O41)+(Q70*O42)+(R70*O43)+(S70*O44)) -> 0.0008490939 | V70: 0.0097283395
A71: 44390 | B71: 2613.3 | C71: 1938.0225 | D71: 1496.1 | E71: 683 | F71: 1515 | G71: =(B71-B70)/B70 -> -0.0033370836 | H71: =(C71-C70)/C70 -> 0.0074852478 | I71: =(D71-D70)/D70 -> -0.0039280959 | J71: =(E71-E70)/E70 -> 0.021613941 | K71: =(F71-F70)/F70 -> 0.0070459984 | N71: 19 | O71: 0.34 | P71: 0.28 | Q71: 0.12 | R71: 0.16 | S71: 0.1 | U71: =((O71*O40)+(P71*O41)+(Q71*O42)+(R71*O43)+(S71*O44)) -> 0.00085054783 | V71: 0.01001244
A72: 44391 | B72: 2640.8 | C72: 1925.3773 | D72: 1497.5 | E72: 685.95 | F72: 1513.55 | G72: =(B72-B71)/B71 -> 0.010523093 | H72: =(C72-C71)/C71 -> -0.0065247952 | I72: =(D72-D71)/D71 -> 0.00093576633 | J72: =(E72-E71)/E71 -> 0.0043191801 | K72: =(F72-F71)/F71 -> -0.00095709571 | N72: 20 | O72: 0.35 | P72: 0.25 | Q72: 0.1 | R72: 0.2 | S72: 0.1 | U72: =((O72*O40)+(P72*O41)+(Q72*O42)+(R72*O43)+(S72*O44)) -> 0.0008917768 | V72: 0.010060965
A73: 44392 | B73: 2724.75 | C73: 1922.0084 | D73: 1505 | E73: 683 | F73: 1550 | G73: =(B73-B72)/B72 -> 0.031789609 | H73: =(C73-C72)/C72 -> -0.001749735 | I73: =(D73-D72)/D72 -> 0.0050083472 | J73: =(E73-E72)/E72 -> -0.004300605 | K73: =(F73-F72)/F72 -> 0.024082455 | N73: 21 | O73: 0.3 | P73: 0.22 | Q73: 0.15 | R73: 0.23 | S73: 0.1 | U73: =((O73*O40)+(P73*O41)+(Q73*O42)+(R73*O43)+(S73*O44)) -> 0.00087465457 | V73: 0.0094435225
A74: 44393 | B74: 2716.8999 | C74: 1949.7445 | D74: 1527.95 | E74: 688.6 | F74: 1609.35 | G74: =(B74-B73)/B73 -> -0.002881035 | H74: =(C74-C73)/C73 -> 0.01443079 | I74: =(D74-D73)/D73 -> 0.015249169 | J74: =(E74-E73)/E73 -> 0.0081991215 | K74: =(F74-F73)/F73 -> 0.038290323 | N74: 22 | O74: 0.28 | P74: 0.2 | Q74: 0.17 | R74: 0.25 | S74: 0.1 | U74: =((O74*O40)+(P74*O41)+(Q74*O42)+(R74*O43)+(S74*O44)) -> 0.00087320064 | V74: 0.0092304563
A75: 44396 | B75: 2718.7 | C75: 1937.3302 | D75: 1487 | E75: 689.25 | F75: 1600 | G75: =(B75-B74)/B74 -> 0.00066255661 | H75: =(C75-C74)/C74 -> -0.006367142 | I75: =(D75-D74)/D74 -> -0.026800615 | J75: =(E75-E74)/E74 -> 0.00094394423 | K75: =(F75-F74)/F74 -> -0.005809799 | N75: 23 | O75: 0.26 | P75: 0.18 | Q75: 0.19 | R75: 0.27 | S75: 0.1 | U75: =((O75*O40)+(P75*O41)+(Q75*O42)+(R75*O43)+(S75*O44)) -> 0.00087174672 | V75: 0.0090515401
A76: 44397 | B76: 2689.3 | C76: 1932.5767 | D76: 1442 | E76: 676.45 | F76: 1609.85 | G76: =(B76-B75)/B75 -> -0.010813992 | H76: =(C76-C75)/C75 -> -0.0024536344 | I76: =(D76-D75)/D75 -> -0.030262273 | J76: =(E76-E75)/E75 -> -0.01857091 | K76: =(F76-F75)/F75 -> 0.00615625 | N76: 24 | O76: 0.24 | P76: 0.22 | Q76: 0.18 | R76: 0.26 | S76: 0.1 | U76: =((O76*O40)+(P76*O41)+(Q76*O42)+(R76*O43)+(S76*O44)) -> 0.00087041213 | V76: 0.0089371295
A77: 44399 | B77: 2705.6499 | C77: 1957.4054 | D77: 1456.1 | E77: 687.3 | F77: 1610 | G77: =(B77-B76)/B76 -> 0.0060796118 | H77: =(C77-C76)/C76 -> 0.012847459 | I77: =(D77-D76)/D76 -> 0.009778086 | J77: =(E77-E76)/E76 -> 0.016039619 | K77: =(F77-F76)/F76 -> 9.3176383e-05 | N77: 25 | O77: 0.23 | P77: 0.24 | Q77: 0.2 | R77: 0.23 | S77: 0.1 | U77: =((O77*O40)+(P77*O41)+(Q77*O42)+(R77*O43)+(S77*O44)) -> 0.00083592687 | V77: 0.0088926912
A78: 44400 | B78: 2726.6001 | C78: 1943.5604 | D78: 1451.5 | E78: 694 | F78: 1644 | G78: =(B78-B77)/B77 -> 0.0077431304 | H78: =(C78-C77)/C77 -> -0.0070731388 | I78: =(D78-D77)/D77 -> -0.0031591237 | J78: =(E78-E77)/E77 -> 0.0097482904 | K78: =(F78-F77)/F77 -> 0.021118012 | N78: 26 | O78: 0.25 | P78: 0.2 | Q78: 0.22 | R78: 0.25 | S78: 0.08 | U78: =((O78*O40)+(P78*O41)+(Q78*O42)+(R78*O43)+(S78*O44)) -> 0.00082405896 | V78: 0.0090260969
A79: 44403 | B79: 2818.05 | C79: 1916.9319 | D79: 1430 | E79: 703.4 | F79: 1611.75 | G79: =(B79-B78)/B78 -> 0.033539902 | H79: =(C79-C78)/C78 -> -0.013700886 | I79: =(D79-D78)/D78 -> -0.014812263 | J79: =(E79-E78)/E78 -> 0.013544669 | K79: =(F79-F78)/F78 -> -0.019616788 | N79: 27 | O79: 0.27 | P79: 0.18 | Q79: 0.19 | R79: 0.27 | S79: 0.09 | U79: =((O79*O40)+(P79*O41)+(Q79*O42)+(R79*O43)+(S79*O44)) -> 0.00086585254 | V79: 0.009150836
A80: 44404 | B80: 2815.3999 | C80: 1896.7643 | D80: 1436.1 | E80: 688.3 | F80: 1610.15 | G80: =(B80-B79)/B79 -> -0.00094040205 | H80: =(C80-C79)/C79 -> -0.01052077 | I80: =(D80-D79)/D79 -> 0.0042657343 | J80: =(E80-E79)/E79 -> -0.02146716 | K80: =(F80-F79)/F79 -> -0.00099270979 | N80: 28 | O80: 0.29 | P80: 0.16 | Q80: 0.21 | R80: 0.24 | S80: 0.1 | U80: =((O80*O40)+(P80*O41)+(Q80*O42)+(R80*O43)+(S80*O44)) -> 0.00084001018 | V80: 0.0092874218
A81: 44405 | B81: 2894 | C81: 1880.4734 | D81: 1435.05 | E81: 687.8 | F81: 1592.45 | G81: =(B81-B80)/B80 -> 0.027917917 | H81: =(C81-C80)/C80 -> -0.0085887846 | I81: =(D81-D80)/D80 -> -0.00073114686 | J81: =(E81-E80)/E80 -> -0.00072642743 | K81: =(F81-F80)/F80 -> -0.010992765 | N81: 29 | O81: 0.31 | P81: 0.14 | Q81: 0.23 | R81: 0.22 | S81: 0.1 | U81: =((O81*O40)+(P81*O41)+(Q81*O42)+(R81*O43)+(S81*O44)) -> 0.00081433017 | V81: 0.009481708
A82: 44406 | B82: 2826.3501 | C82: 1895.149 | D82: 1428.25 | E82: 703 | F82: 1594 | G82: =(B82-B81)/B81 -> -0.023375916 | H82: =(C82-C81)/C81 -> 0.007804205 | I82: =(D82-D81)/D81 -> -0.0047385109 | J82: =(E82-E81)/E81 -> 0.022099448 | K82: =(F82-F81)/F81 -> 0.00097334296 | N82: 30 | O82: 0.28 | P82: 0.17 | Q82: 0.25 | R82: 0.2 | S82: 0.1 | U82: =((O82*O40)+(P82*O41)+(Q82*O42)+(R82*O43)+(S82*O44)) -> 0.00078521425 | V82: 0.0092507435
A83: 44407 | B83: 2876.2 | C83: 1878.5813 | D83: 1419 | E83: 773.95 | F83: 1598 | G83: =(B83-B82)/B82 -> 0.017637553 | H83: =(C83-C82)/C82 -> -0.0087421622 | I83: =(D83-D82)/D82 -> -0.0064764572 | J83: =(E83-E82)/E82 -> 0.10092461 | K83: =(F83-F82)/F82 -> 0.0025094103 | N83: 31 | O83: 0.25 | P83: 0.15 | Q83: 0.23 | R83: 0.27 | S83: 0.1 | U83: =((O83*O40)+(P83*O41)+(Q83*O42)+(R83*O43)+(S83*O44)) -> 0.00084392559 | V83: 0.0089796685
A84: 44410 | B84: 2921.8 | C84: 1912.9169 | D84: 1435 | E84: 775 | F84: 1606.3 | G84: =(B84-B83)/B83 -> 0.015854252 | H84: =(C84-C83)/C83 -> 0.01827741 | I84: =(D84-D83)/D83 -> 0.011275546 | J84: =(E84-E83)/E83 -> 0.0013566768 | K84: =(F84-F83)/F83 -> 0.0051939925 | N84: 32 | O84: 0.22 | P84: 0.18 | Q84: 0.26 | R84: 0.22 | S84: 0.12 | U84: =((O84*O40)+(P84*O41)+(Q84*O42)+(R84*O43)+(S84*O44)) -> 0.00080095778 | V84: 0.0087962717
A85: 44411 | B85: 2887.95 | C85: 1926.9926 | D85: 1410 | E85: 794.8 | F85: 1625 | G85: =(B85-B84)/B84 -> -0.011585324 | H85: =(C85-C84)/C84 -> 0.0073582391 | I85: =(D85-D84)/D84 -> -0.017421603 | J85: =(E85-E84)/E84 -> 0.025548387 | K85: =(F85-F84)/F84 -> 0.011641661 | N85: 33 | O85: 0.19 | P85: 0.22 | Q85: 0.21 | R85: 0.26 | S85: 0.12 | U85: =((O85*O40)+(P85*O41)+(Q85*O42)+(R85*O43)+(S85*O44)) -> 0.00085978847 | V85: 0.0085942694
A86: 44412 | B86: 2874.95 | C86: 1941.7606 | D86: 1441 | E86: 785.75 | F86: 1640 | G86: =(B86-B85)/B85 -> -0.004501463 | H86: =(C86-C85)/C85 -> 0.0076637554 | I86: =(D86-D85)/D85 -> 0.021985816 | J86: =(E86-E85)/E85 -> -0.011386512 | K86: =(F86-F85)/F85 -> 0.0092307692 | N86: 34 | O86: 0.18 | P86: 0.23 | Q86: 0.22 | R86: 0.25 | S86: 0.12 | U86: =((O86*O40)+(P86*O41)+(Q86*O42)+(R86*O43)+(S86*O44)) -> 0.0008455741 | V86: 0.0085624845
A87: 44413 | B87: 2864.95 | C87: 1969.9121 | D87: 1467.1 | E87: 786.15 | F87: 1620 | G87: =(B87-B86)/B86 -> -0.0034783214 | H87: =(C87-C86)/C86 -> 0.014497925 | I87: =(D87-D86)/D86 -> 0.018112422 | J87: =(E87-E86)/E86 -> 0.00050906777 | K87: =(F87-F86)/F86 -> -0.012195122 | N87: 35 | O87: 0.17 | P87: 0.21 | Q87: 0.23 | R87: 0.27 | S87: 0.12 | U87: =((O87*O40)+(P87*O41)+(Q87*O42)+(R87*O43)+(S87*O44)) -> 0.00085159084 | V87: 0.0085028818
A88: 44414 | B88: 3375.8 | C88: 1928.1925 | D88: 1483.55 | E88: 785.2 | F88: 1627 | G88: =(B88-B87)/B87 -> 0.17831027 | H88: =(C88-C87)/C87 -> -0.021178407 | I88: =(D88-D87)/D87 -> 0.011212596 | J88: =(E88-E87)/E87 -> -0.0012084208 | K88: =(F88-F87)/F87 -> 0.0043209877 | N88: 36 | O88: 0.28 | P88: 0.27 | Q88: 0.16 | R88: 0.19 | S88: 0.1 | U88: =((O88*O40)+(P88*O41)+(Q88*O42)+(R88*O43)+(S88*O44)) -> 0.0008395219 | V88: 0.0093622618
A89: 44417 | B89: 3669.8999 | C89: 1917.2087 | D89: 1492 | E89: 788.8 | F89: 1620 | G89: =(B89-B88)/B88 -> 0.08712006 | H89: =(C89-C88)/C88 -> -0.0056964229 | I89: =(D89-D88)/D88 -> 0.0056957972 | J89: =(E89-E88)/E88 -> 0.0045848192 | K89: =(F89-F88)/F88 -> -0.004302397 | N89: 37 | O89: 0.26 | P89: 0.25 | Q89: 0.17 | R89: 0.22 | S89: 0.1 | U89: =((O89*O40)+(P89*O41)+(Q89*O42)+(R89*O43)+(S89*O44)) -> 0.00085159516 | V89: 0.009138029
A90: 44418 | B90: 3790.6001 | C90: 1927.2695 | D90: 1489 | E90: 793.35 | F90: 1606 | G90: =(B90-B89)/B89 -> 0.032889235 | H90: =(C90-C89)/C89 -> 0.005247629 | I90: =(D90-D89)/D89 -> -0.0020107239 | J90: =(E90-E89)/E89 -> 0.0057682556 | K90: =(F90-F89)/F89 -> -0.0086419753 | N90: 38 | O90: 0.24 | P90: 0.23 | Q90: 0.18 | R90: 0.24 | S90: 0.11 | U90: =((O90*O40)+(P90*O41)+(Q90*O42)+(R90*O43)+(S90*O44)) -> 0.00086350608 | V90: 0.008929972
A91: 44419 | B91: 3830.8999 | C91: 1954.2672 | D91: 1514.9 | E91: 779.55 | F91: 1590.2 | G91: =(B91-B90)/B90 -> 0.010631509 | H91: =(C91-C90)/C90 -> 0.014008264 | I91: =(D91-D90)/D90 -> 0.017394224 | J91: =(E91-E90)/E90 -> -0.017394593 | K91: =(F91-F90)/F90 -> -0.0098381071 | N91: 39 | O91: 0.29 | P91: 0.21 | Q91: 0.15 | R91: 0.2 | S91: 0.15 | U91: =((O91*O40)+(P91*O41)+(Q91*O42)+(R91*O43)+(S91*O44)) -> 0.00088664305 | V91: 0.0092821036
A92: 44420 | B92: 3757.3 | C92: 1947.9908 | D92: 1497 | E92: 778.65 | F92: 1590 | G92: =(B92-B91)/B91 -> -0.01921217 | H92: =(C92-C91)/C91 -> -0.0032116386 | I92: =(D92-D91)/D91 -> -0.011815961 | J92: =(E92-E91)/E91 -> -0.0011545122 | K92: =(F92-F91)/F91 -> -0.00012577034 | N92: 40 | O92: 0.31 | P92: 0.22 | Q92: 0.13 | R92: 0.2 | S92: 0.14 | U92: =((O92*O40)+(P92*O41)+(Q92*O42)+(R92*O43)+(S92*O44)) -> 0.00089500303 | V92: 0.0095045658
A93: 44421 | B93: 3666.05 | C93: 1980.4342 | D93: 1501.2 | E93: 778.3 | F93: 1626 | G93: =(B93-B92)/B92 -> -0.024286056 | H93: =(C93-C92)/C92 -> 0.016654801 | I93: =(D93-D92)/D92 -> 0.0028056112 | J93: =(E93-E92)/E92 -> -0.00044949592 | K93: =(F93-F92)/F92 -> 0.022641509 | N93: 41 | O93: 0.34 | P93: 0.2 | Q93: 0.12 | R93: 0.22 | S93: 0.12 | U93: =((O93*O40)+(P93*O41)+(Q93*O42)+(R93*O43)+(S93*O44)) -> 0.00090417276 | V93: 0.0098111285
A94: 44424 | B94: 3651.1499 | C94: 2006.1398 | D94: 1526.15 | E94: 780.8 | F94: 1674 | G94: =(B94-B93)/B93 -> -0.0040643472 | H94: =(C94-C93)/C93 -> 0.01297978 | I94: =(D94-D93)/D93 -> 0.016620037 | J94: =(E94-E93)/E93 -> 0.003212129 | K94: =(F94-F93)/F93 -> 0.029520295 | N94: 42 | O94: 0.31 | P94: 0.22 | Q94: 0.13 | R94: 0.2 | S94: 0.14 | U94: =((O94*O40)+(P94*O41)+(Q94*O42)+(R94*O43)+(S94*O44)) -> 0.00089500303 | V94: 0.0095045658
A95: 44425 | B95: 3580.6499 | C95: 1997.6021 | D95: 1517.2 | E95: 784.15 | F95: 1658 | G95: =(B95-B94)/B94 -> -0.019308985 | H95: =(C95-C94)/C94 -> -0.0042557852 | I95: =(D95-D94)/D94 -> -0.0058644301 | J95: =(E95-E94)/E94 -> 0.0042904713 | K95: =(F95-F94)/F94 -> -0.009557945 | N95: 43 | O95: 0.33 | P95: 0.19 | Q95: 0.14 | R95: 0.22 | S95: 0.12 | U95: =((O95*O40)+(P95*O41)+(Q95*O42)+(R95*O43)+(S95*O44)) -> 0.00088991861 | V95: 0.0096757552
A96: 44426 | B96: 3487.2 | C96: 2005.3552 | D96: 1556.7 | E96: 782.9 | F96: 1647 | G96: =(B96-B95)/B95 -> -0.026098586 | H96: =(C96-C95)/C95 -> 0.0038812034 | I96: =(D96-D95)/D95 -> 0.026034801 | J96: =(E96-E95)/E95 -> -0.0015940828 | K96: =(F96-F95)/F95 -> -0.0066344994 | N96: 44 | O96: 0.32 | P96: 0.18 | Q96: 0.14 | R96: 0.24 | S96: 0.12 | U96: =((O96*O40)+(P96*O41)+(Q96*O42)+(R96*O43)+(S96*O44)) -> 0.00090271884 | V96: 0.0095691146
A97: 44428 | B97: 3543 | C97: 1982.8341 | D97: 1486.05 | E97: 761.15 | F97: 1618.9 | G97: =(B97-B96)/B96 -> 0.016001376 | H97: =(C97-C96)/C96 -> -0.011230479 | I97: =(D97-D96)/D96 -> -0.045384467 | J97: =(E97-E96)/E96 -> -0.027781326 | K97: =(F97-F96)/F96 -> -0.017061324 | N97: 45 | O97: 0.28 | P97: 0.25 | Q97: 0.18 | R97: 0.2 | S97: 0.09 | U97: =((O97*O40)+(P97*O41)+(Q97*O42)+(R97*O43)+(S97*O44)) -> 0.00082611728 | V97: 0.009323234
A98: 44431 | B98: 3433.6499 | C98: 1995.8484 | D98: 1529.85 | E98: 759.35 | F98: 1600.1 | G98: =(B98-B97)/B97 -> -0.030863703 | H98: =(C98-C97)/C97 -> 0.0065634841 | I98: =(D98-D97)/D97 -> 0.029474109 | J98: =(E98-E97)/E97 -> -0.0023648427 | K98: =(F98-F97)/F97 -> -0.011612824 | N98: 46 | O98: 0.33 | P98: 0.24 | Q98: 0.16 | R98: 0.19 | S98: 0.08 | U98: =((O98*O40)+(P98*O41)+(Q98*O42)+(R98*O43)+(S98*O44)) -> 0.00082979511 | V98: 0.0098027043
A99: 44432 | B99: 3514.3999 | C99: 2015.5544 | D99: 1530 | E99: 771.35 | F99: 1590 | G99: =(B99-B98)/B98 -> 0.023517249 | H99: =(C99-C98)/C98 -> 0.0098734954 | I99: =(D99-D98)/D98 -> 9.8048828e-05 | J99: =(E99-E98)/E98 -> 0.015802989 | K99: =(F99-F98)/F98 -> -0.0063121055 | N99: 47 | O99: 0.31 | P99: 0.23 | Q99: 0.17 | R99: 0.18 | S99: 0.11 | U99: =((O99*O40)+(P99*O41)+(Q99*O42)+(R99*O43)+(S99*O44)) -> 0.00083463762 | V99: 0.009541019
A100: 44433 | B100: 3475.8999 | C100: 2032.999 | D100: 1552.1 | E100: 769.05 | F100: 1614.95 | G100: =(B100-B99)/B99 -> -0.010954929 | H100: =(C100-C99)/C99 -> 0.0086549884 | I100: =(D100-D99)/D99 -> 0.014444444 | J100: =(E100-E99)/E99 -> -0.0029817852 | K100: =(F100-F99)/F99 -> 0.015691824 | N100: 48 | O100: 0.29 | P100: 0.25 | Q100: 0.15 | R100: 0.22 | S100: 0.09 | U100: =((O100*O40)+(P100*O41)+(Q100*O42)+(R100*O43)+(S100*O44)) -> 0.00086064233 | V100: 0.0094232201
A101: 44434 | B101: 3440 | C101: 2058.7046 | D101: 1550 | E101: 760.55 | F101: 1593.8 | G101: =(B101-B100)/B100 -> -0.010328232 | H101: =(C101-C100)/C100 -> 0.012644177 | I101: =(D101-D100)/D100 -> -0.0013530056 | J101: =(E101-E100)/E100 -> -0.011052597 | K101: =(F101-F100)/F100 -> -0.013096381 | N101: 49 | O101: 0.26 | P101: 0.26 | Q101: 0.19 | R101: 0.2 | S101: 0.09 | U101: =((O101*O40)+(P101*O41)+(Q101*O42)+(R101*O43)+(S101*O44)) -> 0.00081795943 | V101: 0.0091781364
...

Sheet Sheet4
A1: Equally Weighted Portfolio
F2: COVARIANCE MATRIX
A3: Stock | B3: Weights | G3: BASF | H3: Reliance | I3: HDFC | J3: SUNPHARMA | K3: LT
A4: BASF | B4: =0.2 -> 0.2 | F4: BASF | G4: =VARP('Sheet 3'!$G$3:$G$741) -> 0.0004082621 | H4: 5.203688e-05 | I4: 2.1424072e-05 | J4: 4.4366469e-05 | K4: 2.6676503e-05
A5: RELIANCE | B5: =0.2 -> 0.2 | F5: Reliance | G5: 5.203688e-05 | H5: =VARP('Sheet 3'!$H$3:$H$741) -> 0.00021075539 | I5: 2.4683269e-05 | J5: 3.66307e-05 | K5: 2.3076458e-05
A6: HDFCBANK | B6: =0.2 -> 0.2 | F6: HDFC | G6: 2.1424072e-05 | H6: 2.4683269e-05 | I6: =VARP('Sheet 3'!$I$3:$I$741) -> 0.00022118063 | J6: 8.6026014e-06 | K6: 7.5230812e-05
A7: SUNPHARMA | B7: =0.2 -> 0.2 | F7: SUNPHARMA | G7: 4.4366469e-05 | H7: 3.66307e-05 | I7: 8.6026014e-06 | J7: =VARP('Sheet 3'!$J$3:$J$741) -> 0.00017753864 | K7: 7.7587245e-07
A8: LT | B8: =0.2 -> 0.2 | F8: LT | G8: 2.6676503e-05 | H8: 2.3076458e-05 | I8: 7.5230812e-05 | J8: 7.7587245e-07 | K8: =VARP('Sheet 3'!$K$3:$K$741) -> 0.00021097305
A11: AVERAGE DAILY RETURNS OF STOCKS | F11: Equally Weighted Portfolio
A12: Stock | B12: Average Daily Returns | F12: Expected Returns of Portfolio | G12: =((B4*B13)+(B5*B14)+(B6*B15)+(B7*B16)+(B8*B17)) -> 0.00087944772
A13: BASF | B13: 0.0008035909 | F13: Portfolio Variance Using MMULT | G13: {=MMULT(MMULT(TRANSPOSE(B4:B8),G4:K8),B4:B8)} -> 7.4228683e-05
A14: RELIANCE | B14: 0.0007348726 | F14: Portfolio Risk | G14: =(G13)^0.5 -> 0.0086156069
A15: HDFCBANK | B15: 5.65241e-05
A16: SUNPHARMA | B16: 0.001409243
A17: LT | B17: 0.001393008 | J17: RISK | K17: RETURN
I18: Price Weighted Portfolio | J18: 0.0107512 | K18: 0.0009275
I19: Equally Weighted Portfolio | J19: 0.0086156 | K19: 0.000879448
A20: Value Weighted Portfolio | I20: Value Weighted Portfolio | J20: 0.0093278 | K20: 0.0007149
I21: Beta Weighted Portfolio | J21: 0.0091106 | K21: 0.0008331
A22: Stock | B22: Weights | F22: Value Weighted Portfolio
A23: BASF | B23: 0.066 | F23: Expected Returns of Portfolio | G23: =((B23*B13)+(B24*B14)+(B25*B15)+(B26*B16)+(B27*B17)) -> 0.00071449406
A24: RELIANCE | B24: 0.4273 | F24: Portfolio Variance Using MMULT | G24: {=MMULT(MMULT(TRANSPOSE(B23:B27),G4:K8),B23:B27)} -> 9.4727184e-05
A25: HDFCBANK | B25: 0.331408 | F25: Portfolio Risk | G25: =(G24)^0.5 -> 0.0097327891
A26: SUNPHARMA | B26: 0.1093
A27: LT | B27: 0.1254
A30: Beta Weighted Portfolio
F31: Beta Weighted Portfolio
A32: Stock | B32: Weights | F32: Expected Returns of Portfolio | G32: =((B33*B13)+(B34*B14)+(B35*B15)+(B36*B16)+(B37*B17)) -> 0.00083313848
A33: BASF | B33: 0.2247 | F33: Portfolio Variance Using MMULT | G33: {=MMULT(MMULT(TRANSPOSE(B33:B37),G4:K8),B33:B37)} -> 8.3004043e-05
A34: RELIANCE | B34: 0.3285 | F34: Portfolio Risk | G34: =(G33)^0.5 -> 0.0091106555
A35: HDFCBANK | B35: 0.1603
A36: SUNPHARMA | B36: 0.1853
A37: LT | B37: 0.1012

Sheet Beta weighted Portfolio
A1: Let’s see some practical example and take some well know stocks from the market. | E1: Date | F1: BASF | G1: RELIANCE | H1: HDFCBANK | I1: SUNPHARMA | J1: LT | K1: NIFTY 50 | L1: PORTFOLIO VALUE | M1: Daily Return of Portfolio | O1: BASF Daily Price Change | P1: Reliance Daily Price Change | Q1: HDFCBANK Daily Price Change | R1: SUNPHARMA Daily Price Change | S1: LT Daily Price Change | T1: NIFTY Daily Price Change
E2: 44287 | F2: 2136.8999 | G2: 1866.1669 | H2: 1499.4 | I2: 610.75 | J2: 1432 | K2: 12479 | L2: =($B$22*$F2)+($B$23*$G2)+($B$24*$H2)+($B$25*$I2)+($B$26*$J2) -> 1591.6832
E3: 44291 | F3: 2034.95 | G3: 1839.1692 | H3: 1480 | I3: 608.79999 | J3: 1439 | K3: 12298.6 | L3: =($B$22*$F3)+($B$23*$G3)+($B$24*$H3)+($B$25*$I3)+($B$26*$J3) -> 1557.1406 | M3: =(L3/L2)-1 -> -0.021701902 | O3: =(F3/F2)-1 -> -0.047709278 | P3: =(G3/G2)-1 -> -0.014466917 | Q3: =(H3/H2)-1 -> -0.012938525 | R3: =(I3/I2)-1 -> -0.0031928154 | S3: =(J3/J2)-1 -> 0.0048882682 | T3: =(K3/K2)-1 -> -0.014456318
A4: Stock | B4: Beta | E4: 44292 | F4: 2101.6499 | G4: 1831.5083 | H4: 1460 | I4: 620.45001 | J4: 1405.9 | K4: 12358.1 | L4: =($B$22*$F4)+($B$23*$G4)+($B$24*$H4)+($B$25*$I4)+($B$26*$J4) -> 1565.2161 | M4: =(L4/L3)-1 -> 0.0051860771 | O4: =(F4/F3)-1 -> 0.032777195 | P4: =(G4/G3)-1 -> -0.0041654069 | Q4: =(H4/H3)-1 -> -0.013513514 | R4: =(I4/I3)-1 -> 0.019136045 | S4: =(J4/J3)-1 -> -0.023002068 | T4: =(K4/K3)-1 -> 0.0048379492 | W4: 2021-2024
A5: BASF | B5: =AA8 -> 0.72898527 | E5: 44293 | F5: 2094.95 | G5: 1848.6299 | H5: 1439.3 | I5: 621.04999 | J5: 1402 | K5: 12481.3 | L5: =($B$22*$F5)+($B$23*$G5)+($B$24*$H5)+($B$25*$I5)+($B$26*$J5) -> 1565.7337 | M5: =(L5/L4)-1 -> 0.00033068819 | O5: =(F5/F4)-1 -> -0.0031879482 | P5: =(G5/G4)-1 -> 0.0093483508 | Q5: =(H5/H4)-1 -> -0.014178049 | R5: =(I5/I4)-1 -> 0.00096700135 | S5: =(J5/J4)-1 -> -0.0027740408 | T5: =(K5/K4)-1 -> 0.0099691862 | V5: Average Daily Return: | W5: =AVERAGE(M3:M741) -> 0.0007339506 | Y5: Market Variance: | Z5: =_xlfn.VAR.P(T3:T741) -> 7.6539094e-05
A6: RELIANCE | B6: =AA9 -> 1.0657988 | E6: 44294 | F6: 2094.6499 | G6: 1850.9374 | H6: 1453 | I6: 614.25 | J6: 1410 | K6: 12541.65 | L6: =($B$22*$F6)+($B$23*$G6)+($B$24*$H6)+($B$25*$I6)+($B$26*$J6) -> 1568.17 | M6: =(L6/L5)-1 -> 0.0015560321 | O6: =(F6/F5)-1 -> -0.0001432249 | P6: =(G6/G5)-1 -> 0.001248219 | Q6: =(H6/H5)-1 -> 0.0095184816 | R6: =(I6/I5)-1 -> -0.01094918 | S6: =(J6/J5)-1 -> 0.0057061341 | T6: =(K6/K5)-1 -> 0.0048352805 | V6: Annual Daily Return: | W6: =((1+W5)^252)-1 -> 0.20308334
A7: HDFCBANK | B7: =AA10 -> 0.52008377 | E7: 44295 | F7: 2068.8 | G7: 1829.4315 | H7: 1426 | I7: 636.75 | J7: 1414 | K7: 12527.4 | L7: =($B$22*$F7)+($B$23*$G7)+($B$24*$H7)+($B$25*$I7)+($B$26*$J7) -> 1555.5406 | M7: =(L7/L6)-1 -> -0.0080535919 | O7: =(F7/F6)-1 -> -0.012340894 | P7: =(G7/G6)-1 -> -0.011618901 | Q7: =(H7/H6)-1 -> -0.018582244 | R7: =(I7/I6)-1 -> 0.036630037 | S7: =(J7/J6)-1 -> 0.0028368794 | T7: =(K7/K6)-1 -> -0.0011362141 | Y7: Covariance: | AA7: Beta:
A8: SUNPHARMA | B8: =AA11 -> 0.60106519 | E8: 44298 | F8: 1940.4 | G8: 1763.9908 | H8: 1393 | I8: 619.34998 | J8: 1393.95 | K8: 12024.1 | L8: =($B$22*$F8)+($B$23*$G8)+($B$24*$H8)+($B$25*$I8)+($B$26*$J8) -> 1494.6454 | M8: =(L8/L7)-1 -> -0.039147309 | O8: =(F8/F7)-1 -> -0.062064976 | P8: =(G8/G7)-1 -> -0.035771043 | Q8: =(H8/H7)-1 -> -0.023141655 | R8: =(I8/I7)-1 -> -0.027326304 | S8: =(J8/J7)-1 -> -0.014179667 | T8: =(K8/K7)-1 -> -0.040175996 | V8: Daily Std Dev: | W8: =_xlfn.STDEV.S(M3:M741) -> 0.010304253 | Y8: BASF | Z8: =_xlfn.COVARIANCE.P(O$3:O$741,$T$3:$T$741) -> 5.5795872e-05 | AA8: =Z8/Z5 -> 0.72898527
A9: LT | B9: =AA12 -> 0.32814692 | E9: 44299 | F9: 2118.3501 | G9: 1783.0508 | H9: 1368 | I9: 627.34998 | J9: 1347.25 | K9: 12186.7 | L9: =($B$22*$F9)+($B$23*$G9)+($B$24*$H9)+($B$25*$I9)+($B$26*$J9) -> 1533.6454 | M9: =(L9/L8)-1 -> 0.026093126 | O9: =(F9/F8)-1 -> 0.091707932 | P9: =(G9/G8)-1 -> 0.010805008 | Q9: =(H9/H8)-1 -> -0.017946877 | R9: =(I9/I8)-1 -> 0.012916768 | S9: =(J9/J8)-1 -> -0.033501885 | T9: =(K9/K8)-1 -> 0.013522891 | V9: Annual Std Dev: | W9: =W8*SQRT(252) -> 0.16357495 | Y9: RELIANCE | Z9: =_xlfn.COVARIANCE.P(P$3:P$741,$T$3:$T$741) -> 8.1575272e-05 | AA9: =Z9/$Z$5 -> 1.0657988
E10: 44301 | F10: 2083.5 | G10: 1794.5883 | H10: 1405 | I10: 633.25 | J10: 1378.95 | K10: 12237.6 | L10: =($B$22*$F10)+($B$23*$G10)+($B$24*$H10)+($B$25*$I10)+($B$26*$J10) -> 1539.836 | M10: =(L10/L9)-1 -> 0.0040365784 | O10: =(F10/F9)-1 -> -0.016451529 | P10: =(G10/G9)-1 -> 0.0064706379 | Q10: =(H10/H9)-1 -> 0.027046784 | R10: =(I10/I9)-1 -> 0.0094046772 | S10: =(J10/J9)-1 -> 0.023529375 | T10: =(K10/K9)-1 -> 0.0041766363 | Y10: HDFCBANK | Z10: =_xlfn.COVARIANCE.P(Q$3:Q$741,$T$3:$T$741) -> 3.9806741e-05 | AA10: =Z10/$Z$5 -> 0.52008377
A11: Sum of all the stocks is calculated as: | E11: 44302 | F11: 2099.8999 | G11: 1783.3276 | H11: 1434.95 | I11: 646.04999 | J11: 1360.5 | K11: 12298.05 | L11: =($B$22*$F11)+($B$23*$G11)+($B$24*$H11)+($B$25*$I11)+($B$26*$J11) -> 1545.1286 | M11: =(L11/L10)-1 -> 0.0034371053 | O11: =(F11/F10)-1 -> 0.0078713233 | P11: =(G11/G10)-1 -> -0.0062747652 | Q11: =(H11/H10)-1 -> 0.021316691 | R11: =(I11/I10)-1 -> 0.020213167 | S11: =(J11/J10)-1 -> -0.01337971 | T11: =(K11/K10)-1 -> 0.0049397102 | Y11: SUNPHARMA | Z11: =_xlfn.COVARIANCE.P(R$3:R$741,$T$3:$T$741) -> 4.6004985e-05 | AA11: =Z11/$Z$5 -> 0.60106519
A12: Sum of all the Values | B12: =SUM(B5:B9) -> 3.2440799 | E12: 44305 | F12: 2027.6 | G12: 1755.2684 | H12: 1390 | I12: 640.65002 | J12: 1340 | K12: 12076.45 | L12: =($B$22*$F12)+($B$23*$G12)+($B$24*$H12)+($B$25*$I12)+($B$26*$J12) -> 1509.383 | M12: =(L12/L11)-1 -> -0.023134374 | O12: =(F12/F11)-1 -> -0.034430177 | P12: =(G12/G11)-1 -> -0.015734183 | Q12: =(H12/H11)-1 -> -0.0313251 | R12: =(I12/I11)-1 -> -0.0083584306 | S12: =(J12/J11)-1 -> -0.01506799 | T12: =(K12/K11)-1 -> -0.018019085 | Y12: LT | Z12: =_xlfn.COVARIANCE.P(S$3:S$741,$T$3:$T$741) -> 2.5116068e-05 | AA12: =Z12/$Z$5 -> 0.32814692
E13: 44306 | F13: 2020.15 | G13: 1754.7609 | H13: 1425 | I13: 645.15002 | J13: 1320 | K13: 12055.4 | L13: =($B$22*$F13)+($B$23*$G13)+($B$24*$H13)+($B$25*$I13)+($B$26*$J13) -> 1511.964 | M13: =(L13/L12)-1 -> 0.001709959 | O13: =(F13/F12)-1 -> -0.0036742711 | P13: =(G13/G12)-1 -> -0.00028916888 | Q13: =(H13/H12)-1 -> 0.025179856 | R13: =(I13/I12)-1 -> 0.0070241159 | S13: =(J13/J12)-1 -> -0.014925373 | T13: =(K13/K12)-1 -> -0.0017430457
A14: Number of stocks | B14: 5 | E14: 44308 | F14: 2033 | G14: 1759.6066 | H14: 1380 | I14: 639.95001 | J14: 1310 | K14: 12132.05 | L14: =($B$22*$F14)+($B$23*$G14)+($B$24*$H14)+($B$25*$I14)+($B$26*$J14) -> 1507.2543 | M14: =(L14/L13)-1 -> -0.0031149866 | O14: =(F14/F13)-1 -> 0.0063609018 | P14: =(G14/G13)-1 -> 0.0027614606 | Q14: =(H14/H13)-1 -> -0.031578947 | R14: =(I14/I13)-1 -> -0.0080601594 | S14: =(J14/J13)-1 -> -0.0075757576 | T14: =(K14/K13)-1 -> 0.0063580977 | W14: 2021-2022 | X14: 2022-2023 | Y14: 2023-2024
E15: 44309 | F15: 1969.65 | G15: 1757.7145 | H15: 1409 | I15: 637.95001 | J15: 1330 | K15: 12105.6 | L15: =($B$22*$F15)+($B$23*$G15)+($B$24*$H15)+($B$25*$I15)+($B$26*$J15) -> 1498.6988 | M15: =(L15/L14)-1 -> -0.0056761791 | O15: =(F15/F14)-1 -> -0.031160834 | P15: =(G15/G14)-1 -> -0.0010752909 | Q15: =(H15/H14)-1 -> 0.021014493 | R15: =(I15/I14)-1 -> -0.0031252441 | S15: =(J15/J14)-1 -> 0.015267176 | T15: =(K15/K14)-1 -> -0.0021801918 | V15: Average Daily Return: | W15: =AVERAGE(M3:M250) -> 0.0011383037 | X15: =AVERAGE(M251:M498) -> -0.00034493416 | Y15: =AVERAGE(M499:M741) -> 0.0014223615
E16: 44312 | F16: 1977.5 | G16: 1788.6349 | H16: 1413 | I16: 634.70001 | J16: 1330.05 | K16: 12216.85 | L16: =($B$22*$F16)+($B$23*$G16)+($B$24*$H16)+($B$25*$I16)+($B$26*$J16) -> 1510.6655 | M16: =(L16/L15)-1 -> 0.0079846888 | O16: =(F16/F15)-1 -> 0.0039854674 | P16: =(G16/G15)-1 -> 0.017591259 | Q16: =(H16/H15)-1 -> 0.0028388928 | R16: =(I16/I15)-1 -> -0.005094443 | S16: =(J16/J15)-1 -> 3.7630827e-05 | T16: =(K16/K15)-1 -> 0.009189962 | V16: Annual Daily Return: | W16: =((1+W15)^248)-1 -> 0.32596272 | X16: =((1+X15)^248)-1 -> -0.082000496 | Y16: =((1+Y15)^243)-1 -> 0.41253825
E17: 44313 | F17: 2014.8 | G17: 1835.5233 | H17: 1407.25 | I17: 639.25 | J17: 1339 | K17: 12362.55 | L17: =($B$22*$F17)+($B$23*$G17)+($B$24*$H17)+($B$25*$I17)+($B$26*$J17) -> 1535.2783 | M17: =(L17/L16)-1 -> 0.016292724 | O17: =(F17/F16)-1 -> 0.018862225 | P17: =(G17/G16)-1 -> 0.026214644 | Q17: =(H17/H16)-1 -> -0.004069356 | R17: =(I17/I16)-1 -> 0.0071687221 | S17: =(J17/J16)-1 -> 0.0067290332 | T17: =(K17/K16)-1 -> 0.011926168
E18: 44314 | F18: 2051.1499 | G18: 1843.5072 | H18: 1436.25 | I18: 643.40002 | J18: 1384.85 | K18: 12517.95 | L18: =($B$22*$F18)+($B$23*$G18)+($B$24*$H18)+($B$25*$I18)+($B$26*$J18) -> 1556.1256 | M18: =(L18/L17)-1 -> 0.013578803 | O18: =(F18/F17)-1 -> 0.01804142 | P18: =(G18/G17)-1 -> 0.0043496516 | Q18: =(H18/H17)-1 -> 0.020607568 | R18: =(I18/I17)-1 -> 0.0064920203 | S18: =(J18/J17)-1 -> 0.034241954 | T18: =(K18/K17)-1 -> 0.012570254 | V18: Daily Std Dev: | W18: =_xlfn.STDEV.S(M3:M250) -> 0.012630091 | X18: =_xlfn.STDEV.S(M251:M498) -> 0.010448644 | Y18: =_xlfn.STDEV.S(M499:M741) -> 0.0069077302
E19: 44315 | F19: 2073.95 | G19: 1868.1975 | H19: 1486.2 | I19: 644.5 | J19: 1383.95 | K19: 12532.8 | L19: =($B$22*$F19)+($B$23*$G19)+($B$24*$H19)+($B$25*$I19)+($B$26*$J19) -> 1577.4813 | M19: =(L19/L18)-1 -> 0.013723671 | O19: =(F19/F18)-1 -> 0.01111574 | P19: =(G19/G18)-1 -> 0.013393117 | Q19: =(H19/H18)-1 -> 0.034778034 | R19: =(I19/I18)-1 -> 0.00170963 | S19: =(J19/J18)-1 -> -0.00064990794 | T19: =(K19/K18)-1 -> 0.0011862653 | V19: Annual Std Dev: | W19: =W18*SQRT(248) -> 0.19889888 | X19: =X18*SQRT(248) -> 0.16454541 | Y19: =Y18*SQRT(243) -> 0.10768086
E20: 44316 | F20: 2228.75 | G20: 1840.9229 | H20: 1445 | I20: 654.45001 | J20: 1350 | K20: 12364.35 | L20: =($B$22*$F20)+($B$23*$G20)+($B$24*$H20)+($B$25*$I20)+($B$26*$J20) -> 1595.1104 | M20: =(L20/L19)-1 -> 0.011175484 | O20: =(F20/F19)-1 -> 0.074640205 | P20: =(G20/G19)-1 -> -0.014599451 | Q20: =(H20/H19)-1 -> -0.027721674 | R20: =(I20/I19)-1 -> 0.015438343 | S20: =(J20/J19)-1 -> -0.024531199 | T20: =(K20/K19)-1 -> -0.013440747
A21: Stock | B21: Weights | E21: 44319 | F21: 2282.8999 | G21: 1808.2025 | H21: 1393 | I21: 659.20001 | J21: 1325.5 | K21: 12395.25 | L21: =($B$22*$F21)+($B$23*$G21)+($B$24*$H21)+($B$25*$I21)+($B$26*$J21) -> 1586.5941 | M21: =(L21/L20)-1 -> -0.0053390329 | O21: =(F21/F20)-1 -> 0.024296086 | P21: =(G21/G20)-1 -> -0.017773877 | Q21: =(H21/H20)-1 -> -0.035986159 | R21: =(I21/I20)-1 -> 0.0072580028 | S21: =(J21/J20)-1 -> -0.018148148 | T21: =(K21/K20)-1 -> 0.0024991522
A22: BASF | B22: =B5/$B$12 -> 0.22471249 | E22: 44320 | F22: 2281.55 | G22: 1769.0211 | H22: 1409.95 | I22: 645.15002 | J22: 1350 | K22: 12300.45 | L22: =($B$22*$F22)+($B$23*$G22)+($B$24*$H22)+($B$25*$I22)+($B$26*$J22) -> 1576.0107 | M22: =(L22/L21)-1 -> -0.0066705302 | O22: =(F22/F21)-1 -> -0.00059128874 | P22: =(G22/G21)-1 -> -0.0216687 | Q22: =(H22/H21)-1 -> 0.012167948 | R22: =(I22/I21)-1 -> -0.021313695 | S22: =(J22/J21)-1 -> 0.018483591 | T22: =(K22/K21)-1 -> -0.0076480753 | V22: 2021-2024
A23: RELIANCE | B23: =B6/$B$12 -> 0.32853653 | E23: 44321 | F23: 2320.7 | G23: 1772.2517 | H23: 1401 | I23: 683.40002 | J23: 1342.2 | K23: 12413 | L23: =($B$22*$F23)+($B$23*$G23)+($B$24*$H23)+($B$25*$I23)+($B$26*$J23) -> 1590.7327 | M23: =(L23/L22)-1 -> 0.0093413023 | O23: =(F23/F22)-1 -> 0.017159344 | P23: =(G23/G22)-1 -> 0.0018262026 | Q23: =(H23/H22)-1 -> -0.0063477083 | R23: =(I23/I22)-1 -> 0.059288535 | S23: =(J23/J22)-1 -> -0.0057778141 | T23: =(K23/K22)-1 -> 0.0091500557 | V23: Variable | W23: Abbreviation | X23: Portfolio | Y23: CAPM Model Used (Assumption)
A24: HDFCBANK | B24: =B7/$B$12 -> 0.1603178 | E24: 44322 | F24: 2294.8999 | G24: 1782.3124 | H24: 1407.6 | I24: 679.40002 | J24: 1344 | K24: 12501.9 | L24: =($B$22*$F24)+($B$23*$G24)+($B$24*$H24)+($B$25*$I24)+($B$26*$J24) -> 1588.7394 | M24: =(L24/L23)-1 -> -0.0012530359 | O24: =(F24/F23)-1 -> -0.011117357 | P24: =(G24/G23)-1 -> 0.0056767721 | Q24: =(H24/H23)-1 -> 0.0047109036 | R24: =(I24/I23)-1 -> -0.0058530873 | S24: =(J24/J23)-1 -> 0.0013411184 | T24: =(K24/K23)-1 -> 0.007161878 | V24: Risk Free Rate | W24: Rf | X24: 0.05
A25: SUNPHARMA | B25: =B8/$B$12 -> 0.18528063 | E25: 44323 | F25: 2451.7 | G25: 1783.0046 | H25: 1412.95 | I25: 679.45001 | J25: 1347 | K25: 12563.1 | L25: =($B$22*$F25)+($B$23*$G25)+($B$24*$H25)+($B$25*$I25)+($B$26*$J25) -> 1625.3722 | M25: =(L25/L24)-1 -> 0.023057763 | O25: =(F25/F24)-1 -> 0.068325441 | P25: =(G25/G24)-1 -> 0.0003884061 | Q25: =(H25/H24)-1 -> 0.003800778 | R25: =(I25/I24)-1 -> 7.3576683e-05 | S25: =(J25/J24)-1 -> 0.0022321429 | T25: =(K25/K24)-1 -> 0.0048951932 | V25: Annual Return | W25: Rp | X25: 0.2031
A26: LT | B26: =B9/$B$12 -> 0.10115254 | E26: 44326 | F26: 2480.45 | G26: 1777.882 | H26: 1427 | I26: 698.20001 | J26: 1347 | K26: 12669.9 | L26: =($B$22*$F26)+($B$23*$G26)+($B$24*$H26)+($B$25*$I26)+($B$26*$J26) -> 1635.8762 | M26: =(L26/L25)-1 -> 0.0064625081 | O26: =(F26/F25)-1 -> 0.011726557 | P26: =(G26/G25)-1 -> -0.0028730609 | Q26: =(H26/H25)-1 -> 0.0099437698 | R26: =(I26/I25)-1 -> 0.027595849 | S26: =(J26/J25)-1 -> 0 | T26: =(K26/K25)-1 -> 0.008501149 | V26: Annual Standard Deviation | W26: σ | X26: 0.1636
A27: Sum of Weights | B27: =SUM(B22:B26) -> 1 | E27: 44327 | F27: 2493.6001 | G27: 1784.2969 | H27: 1396 | I27: 708.09998 | J27: 1380 | K27: 12642.25 | L27: =($B$22*$F27)+($B$23*$G27)+($B$24*$H27)+($B$25*$I27)+($B$26*$J27) -> 1641.1412 | M27: =(L27/L26)-1 -> 0.0032184528 | O27: =(F27/F26)-1 -> 0.0053015168 | P27: =(G27/G26)-1 -> 0.0036081794 | Q27: =(H27/H26)-1 -> -0.021723896 | R27: =(I27/I26)-1 -> 0.014179266 | S27: =(J27/J26)-1 -> 0.024498886 | T27: =(K27/K26)-1 -> -0.0021823685
E28: 44328 | F28: 2409.6499 | G28: 1765.8368 | H28: 1399.75 | I28: 702.84998 | J28: 1380 | K28: 12537.95 | L28: =($B$22*$F28)+($B$23*$G28)+($B$24*$H28)+($B$25*$I28)+($B$26*$J28) -> 1615.8402 | M28: =(L28/L27)-1 -> -0.015416712 | O28: =(F28/F27)-1 -> -0.033666263 | P28: =(G28/G27)-1 -> -0.010345859 | Q28: =(H28/H27)-1 -> 0.0026862464 | R28: =(I28/I27)-1 -> -0.0074142073 | S28: =(J28/J27)-1 -> 0 | T28: =(K28/K27)-1 -> -0.0082500983 | V28: Sharpe Ratio | X28: =(X25-X24)/X26 -> 0.93581907
E29: 44330 | F29: 2471.1499 | G29: 1788.1273 | H29: 1394.35 | I29: 691.45001 | J29: 1394 | K29: 12472.15 | L29: =($B$22*$F29)+($B$23*$G29)+($B$24*$H29)+($B$25*$I29)+($B$26*$J29) -> 1635.4215 | M29: =(L29/L28)-1 -> 0.012118336 | O29: =(F29/F28)-1 -> 0.02552238 | P29: =(G29/G28)-1 -> 0.012623209 | Q29: =(H29/H28)-1 -> -0.0038578489 | R29: =(I29/I28)-1 -> -0.016219626 | S29: =(J29/J28)-1 -> 0.010144928 | T29: =(K29/K28)-1 -> -0.0052480512
E30: 44333 | F30: 2389.45 | G30: 1809.4025 | H30: 1395.15 | I30: 687.15002 | J30: 1433 | K30: 12672.1 | L30: =($B$22*$F30)+($B$23*$G30)+($B$24*$H30)+($B$25*$I30)+($B$26*$J30) -> 1627.3286 | M30: =(L30/L29)-1 -> -0.0049484673 | O30: =(F30/F29)-1 -> -0.033061512 | P30: =(G30/G29)-1 -> 0.011898005 | Q30: =(H30/H29)-1 -> 0.00057377847 | R30: =(I30/I29)-1 -> -0.0062187981 | S30: =(J30/J29)-1 -> 0.027977044 | T30: =(K30/K29)-1 -> 0.016031655 | V30: *Sharpe Ratio = (Rp - Rf) / σ
E31: 44334 | F31: 2497.55 | G31: 1834.8772 | H31: 1458.95 | I31: 690.79999 | J31: 1405 | K31: 12839.1 | L31: =($B$22*$F31)+($B$23*$G31)+($B$24*$H31)+($B$25*$I31)+($B$26*$J31) -> 1668.0617 | M31: =(L31/L30)-1 -> 0.025030643 | O31: =(F31/F30)-1 -> 0.045240578 | P31: =(G31/G30)-1 -> 0.014079085 | Q31: =(H31/H30)-1 -> 0.045729797 | R31: =(I31/I30)-1 -> 0.0053117425 | S31: =(J31/J30)-1 -> -0.019539428 | T31: =(K31/K30)-1 -> 0.013178558 | V31: 2021-2022
E32: 44335 | F32: 2452.8 | G32: 1843.2765 | H32: 1470.2 | I32: 703.40002 | J32: 1414 | K32: 12809 | L32: =($B$22*$F32)+($B$23*$G32)+($B$24*$H32)+($B$25*$I32)+($B$26*$J32) -> 1665.8138 | M32: =(L32/L31)-1 -> -0.0013476232 | O32: =(F32/F31)-1 -> -0.017917559 | P32: =(G32/G31)-1 -> 0.0045775772 | Q32: =(H32/H31)-1 -> 0.0077110253 | R32: =(I32/I31)-1 -> 0.018239774 | S32: =(J32/J31)-1 -> 0.006405694 | T32: =(K32/K31)-1 -> -0.0023443707 | V32: Variable | W32: Abbreviation | X32: Portfolio | Y32: CAPM Model Used (Assumption)
E33: 44336 | F33: 2465.95 | G33: 1832.5236 | H33: 1458.35 | I33: 686.84998 | J33: 1410.8 | K33: 12736.45 | L33: =($B$22*$F33)+($B$23*$G33)+($B$24*$H33)+($B$25*$I33)+($B$26*$J33) -> 1659.9462 | M33: =(L33/L32)-1 -> -0.0035223813 | O33: =(F33/F32)-1 -> 0.0053611798 | P33: =(G33/G32)-1 -> -0.0058335953 | Q33: =(H33/H32)-1 -> -0.0080601111 | R33: =(I33/I32)-1 -> -0.023528643 | S33: =(J33/J32)-1 -> -0.0022630488 | T33: =(K33/K32)-1 -> -0.005663971 | V33: Risk Free Rate | W33: Rf | X33: 0.05
E34: 44337 | F34: 2443.55 | G34: 1848.353 | H34: 1443 | I34: 690.40002 | J34: 1415 | K34: 12917.85 | L34: =($B$22*$F34)+($B$23*$G34)+($B$24*$H34)+($B$25*$I34)+($B$26*$J34) -> 1658.7349 | M34: =(L34/L33)-1 -> -0.0007297002 | O34: =(F34/F33)-1 -> -0.0090836807 | P34: =(G34/G33)-1 -> 0.0086380701 | Q34: =(H34/H33)-1 -> -0.010525578 | R34: =(I34/I33)-1 -> 0.005168593 | S34: =(J34/J33)-1 -> 0.0029769995 | T34: =(K34/K33)-1 -> 0.014242541 | V34: Annual Return | W34: Rp | X34: 0.326
E35: 44340 | F35: 2405.3501 | G35: 1832.7543 | H35: 1503.25 | I35: 690.95001 | J35: 1420 | K35: 12962.45 | L35: =($B$22*$F35)+($B$23*$G35)+($B$24*$H35)+($B$25*$I35)+($B$26*$J35) -> 1655.2929 | M35: =(L35/L34)-1 -> -0.0020750479 | O35: =(F35/F34)-1 -> -0.015632973 | P35: =(G35/G34)-1 -> -0.0084392726 | Q35: =(H35/H34)-1 -> 0.041753292 | R35: =(I35/I34)-1 -> 0.00079662222 | S35: =(J35/J34)-1 -> 0.0035335689 | T35: =(K35/K34)-1 -> 0.0034526324 | V35: Annual Standard Deviation | W35: σ | X35: 0.1989
E36: 44341 | F36: 2403.5 | G36: 1811.9868 | H36: 1510.5 | I36: 696.09998 | J36: 1460 | K36: 12963 | L36: =($B$22*$F36)+($B$23*$G36)+($B$24*$H36)+($B$25*$I36)+($B$26*$J36) -> 1654.2169 | M36: =(L36/L35)-1 -> -0.00065004439 | O36: =(F36/F35)-1 -> -0.00076915955 | P36: =(G36/G35)-1 -> -0.011331282 | Q36: =(H36/H35)-1 -> 0.0048228838 | R36: =(I36/I35)-1 -> 0.0074534538 | S36: =(J36/J35)-1 -> 0.028169014 | T36: =(K36/K35)-1 -> 4.2415206e-05
E37: 44342 | F37: 2340.05 | G37: 1818.3555 | H37: 1480 | I37: 703.79999 | J37: 1458.9 | K37: 13022.2 | L37: =($B$22*$F37)+($B$23*$G37)+($B$24*$H37)+($B$25*$I37)+($B$26*$J37) -> 1638.477 | M37: =(L37/L36)-1 -> -0.0095150498 | O37: =(F37/F36)-1 -> -0.026398981 | P37: =(G37/G36)-1 -> 0.0035147347 | Q37: =(H37/H36)-1 -> -0.020191989 | R37: =(I37/I36)-1 -> 0.011061647 | S37: =(J37/J36)-1 -> -0.00075340822 | T37: =(K37/K36)-1 -> 0.0045668591 | V37: Sharpe Ratio | X37: =((X34-X33)/X35) -> 1.387632
E38: 44343 | F38: 2374.05 | G38: 1823.9397 | H38: 1473.1 | I38: 699.5 | J38: 1475.95 | K38: 13066.25 | L38: =($B$22*$F38)+($B$23*$G38)+($B$24*$H38)+($B$25*$I38)+($B$26*$J38) -> 1647.7736 | M38: =(L38/L37)-1 -> 0.0056739215 | O38: =(F38/F37)-1 -> 0.014529604 | P38: =(G38/G37)-1 -> 0.0030710321 | Q38: =(H38/H37)-1 -> -0.0046621784 | R38: =(I38/I37)-1 -> -0.0061096733 | S38: =(J38/J37)-1 -> 0.011686837 | T38: =(K38/K37)-1 -> 0.0033826699
E39: 44344 | F39: 2364.7 | G39: 1933.4998 | H39: 1490.9 | I39: 669.75 | J39: 1487.1 | K39: 13117.05 | L39: =($B$22*$F39)+($B$23*$G39)+($B$24*$H39)+($B$25*$I39)+($B$26*$J39) -> 1680.1364 | M39: =(L39/L38)-1 -> 0.019640331 | O39: =(F39/F38)-1 -> -0.0039384587 | P39: =(G39/G38)-1 -> 0.060067808 | Q39: =(H39/H38)-1 -> 0.012083394 | R39: =(I39/I38)-1 -> -0.042530379 | S39: =(J39/J38)-1 -> 0.0075544736 | T39: =(K39/K38)-1 -> 0.0038878642 | V39: *Sharpe Ratio = (Rp - Rf) / σ
E40: 44347 | F40: 2424.3 | G40: 1993.9562 | H40: 1500 | I40: 668.29999 | J40: 1472.3 | K40: 13226.35 | L40: =($B$22*$F40)+($B$23*$G40)+($B$24*$H40)+($B$25*$I40)+($B$26*$J40) -> 1713.0846 | M40: =(L40/L39)-1 -> 0.019610437 | O40: =(F40/F39)-1 -> 0.025204085 | P40: =(G40/G39)-1 -> 0.031267871 | Q40: =(H40/H39)-1 -> 0.0061036796 | R40: =(I40/I39)-1 -> -0.0021650049 | S40: =(J40/J39)-1 -> -0.0099522071 | T40: =(K40/K39)-1 -> 0.0083326514 | V40: 2022-2023
E41: 44348 | F41: 2459.6001 | G41: 2001.894 | H41: 1520.3 | I41: 671.04999 | J41: 1465.95 | K41: 13210.4 | L41: =($B$22*$F41)+($B$23*$G41)+($B$24*$H41)+($B$25*$I41)+($B$26*$J41) -> 1726.7465 | M41: =(L41/L40)-1 -> 0.0079750255 | O41: =(F41/F40)-1 -> 0.014560924 | P41: =(G41/G40)-1 -> 0.0039809631 | Q41: =(H41/H40)-1 -> 0.013533366 | R41: =(I41/I40)-1 -> 0.0041149185 | S41: =(J41/J40)-1 -> -0.0043130461 | T41: =(K41/K40)-1 -> -0.001205867 | V41: Variable | W41: Abbreviation | X41: Portfolio | Y41: CAPM Model Used (Assumption)
E42: 44349 | F42: 2499 | G42: 2031.7531 | H42: 1510 | I42: 677.45001 | J42: 1468.3 | K42: 13274.25 | L42: =($B$22*$F42)+($B$23*$G42)+($B$24*$H42)+($B$25*$I42)+($B$26*$J42) -> 1745.1821 | M42: =(L42/L41)-1 -> 0.010676531 | O42: =(F42/F41)-1 -> 0.016018824 | P42: =(G42/G41)-1 -> 0.014915379 | Q42: =(H42/H41)-1 -> -0.0067750106 | R42: =(I42/I41)-1 -> 0.0095373282 | S42: =(J42/J41)-1 -> 0.0016031229 | T42: =(K42/K41)-1 -> 0.0048332834 | V42: Risk Free Rate | W42: Rf | X42: 0.05
E43: 44350 | F43: 2526 | G43: 2039.5062 | H43: 1508 | I43: 675.5 | J43: 1480.1 | K43: 13380.5 | L43: =($B$22*$F43)+($B$23*$G43)+($B$24*$H43)+($B$25*$I43)+($B$26*$J43) -> 1754.3082 | M43: =(L43/L42)-1 -> 0.0052293084 | O43: =(F43/F42)-1 -> 0.010804322 | P43: =(G43/G42)-1 -> 0.0038160021 | Q43: =(H43/H42)-1 -> -0.0013245033 | R43: =(I43/I42)-1 -> -0.0028784589 | S43: =(J43/J42)-1 -> 0.0080364548 | T43: =(K43/K42)-1 -> 0.0080042187 | V43: Annual Return | W43: Rp | X43: -0.082
E44: 44351 | F44: 2499.6499 | G44: 2021.8308 | H44: 1516 | I44: 673.95001 | J44: 1518.95 | K44: 13393.9 | L44: =($B$22*$F44)+($B$23*$G44)+($B$24*$H44)+($B$25*$I44)+($B$26*$J44) -> 1747.5052 | M44: =(L44/L43)-1 -> -0.0038779287 | O44: =(F44/F43)-1 -> -0.010431551 | P44: =(G44/G43)-1 -> -0.0086665168 | Q44: =(H44/H43)-1 -> 0.0053050398 | R44: =(I44/I43)-1 -> -0.0022945788 | S44: =(J44/J43)-1 -> 0.02624821 | T44: =(K44/K43)-1 -> 0.0010014866 | V44: Annual Standard Deviation | W44: σ | X44: 0.1645
E45: 44354 | F45: 2483 | G45: 2055.8894 | H45: 1510 | I45: 675.34998 | J45: 1545.45 | K45: 13479.65 | L45: =($B$22*$F45)+($B$23*$G45)+($B$24*$H45)+($B$25*$I45)+($B$26*$J45) -> 1756.9312 | M45: =(L45/L44)-1 -> 0.0053940172 | O45: =(F45/F44)-1 -> -0.0066608936 | P45: =(G45/G44)-1 -> 0.016845422 | Q45: =(H45/H44)-1 -> -0.0039577836 | R45: =(I45/I44)-1 -> 0.002077252 | S45: =(J45/J44)-1 -> 0.017446263 | T45: =(K45/K44)-1 -> 0.006402168
E46: 44355 | F46: 2517.55 | G46: 2044.0751 | H46: 1496.55 | I46: 678.75 | J46: 1561 | K46: 13496.55 | L46: =($B$22*$F46)+($B$23*$G46)+($B$24*$H46)+($B$25*$I46)+($B$26*$J46) -> 1760.8602 | M46: =(L46/L45)-1 -> 0.0022362896 | O46: =(F46/F45)-1 -> 0.013914639 | P46: =(G46/G45)-1 -> -0.0057465791 | Q46: =(H46/H45)-1 -> -0.0089072523 | R46: =(I46/I45)-1 -> 0.0050344623 | S46: =(J46/J45)-1 -> 0.010061826 | T46: =(K46/K45)-1 -> 0.0012536982 | V46: Sharpe Ratio | X46: =((X43-X42)/X44) -> -0.80243161
E47: 44356 | F47: 2510.45 | G47: 2007.5243 | H47: 1483.9 | I47: 672.84998 | J47: 1550 | K47: 13396.4 | L47: =($B$22*$F47)+($B$23*$G47)+($B$24*$H47)+($B$25*$I47)+($B$26*$J47) -> 1743.0226 | M47: =(L47/L46)-1 -> -0.010130054 | O47: =(F47/F46)-1 -> -0.0028202411 | P47: =(G47/G46)-1 -> -0.01788133 | Q47: =(H47/H46)-1 -> -0.0084527911 | R47: =(I47/I46)-1 -> -0.0086924847 | S47: =(J47/J46)-1 -> -0.0070467649 | T47: =(K47/K46)-1 -> -0.0074203715
E48: 44357 | F48: 2524.2 | G48: 2014.9083 | H48: 1482.1 | I48: 676.04999 | J48: 1525 | K48: 13517.2 | L48: =($B$22*$F48)+($B$23*$G48)+($B$24*$H48)+($B$25*$I48)+($B$26*$J48) -> 1746.3139 | M48: =(L48/L47)-1 -> 0.0018882304 | O48: =(F48/F47)-1 -> 0.0054771058 | P48: =(G48/G47)-1 -> 0.0036781787 | Q48: =(H48/H47)-1 -> -0.0012130521 | R48: =(I48/I47)-1 -> 0.0047559071 | S48: =(J48/J47)-1 -> -0.016129032 | T48: =(K48/K47)-1 -> 0.0090173331 | V48: *Sharpe Ratio = (Rp - Rf) / σ
E49: 44358 | F49: 2513.8 | G49: 2042.7367 | H49: 1491 | I49: 681.29999 | J49: 1521 | K49: 13563.85 | L49: =($B$22*$F49)+($B$23*$G49)+($B$24*$H49)+($B$25*$I49)+($B$26*$J49) -> 1755.1144 | M49: =(L49/L48)-1 -> 0.0050395257 | O49: =(F49/F48)-1 -> -0.0041200785 | P49: =(G49/G48)-1 -> 0.013811233 | Q49: =(H49/H48)-1 -> 0.0060050092 | R49: =(I49/I48)-1 -> 0.0077656979 | S49: =(J49/J48)-1 -> -0.0026229508 | T49: =(K49/K48)-1 -> 0.0034511151 | V49: 2023-2024
E50: 44361 | F50: 2530.2 | G50: 2072.042 | H50: 1478.25 | I50: 677.09998 | J50: 1503.45 | K50: 13554.15 | L50: =($B$22*$F50)+($B$23*$G50)+($B$24*$H50)+($B$25*$I50)+($B$26*$J50) -> 1763.8301 | M50: =(L50/L49)-1 -> 0.0049658636 | O50: =(F50/F49)-1 -> 0.0065239485 | P50: =(G50/G49)-1 -> 0.014346097 | Q50: =(H50/H49)-1 -> -0.0085513078 | R50: =(I50/I49)-1 -> -0.0061647029 | S50: =(J50/J49)-1 -> -0.011538494 | T50: =(K50/K49)-1 -> -0.00071507856 | V50: Variable | W50: Abbreviation | X50: Portfolio | Y50: CAPM Model Used (Assumption)
E51: 44362 | F51: 2549.8 | G51: 2076.7493 | H51: 1486 | I51: 673.20001 | J51: 1520 | K51: 13607.8 | L51: =($B$22*$F51)+($B$23*$G51)+($B$24*$H51)+($B$25*$I51)+($B$26*$J51) -> 1771.975 | M51: =(L51/L50)-1 -> 0.0046177087 | O51: =(F51/F50)-1 -> 0.0077464621 | P51: =(G51/G50)-1 -> 0.0022718053 | Q51: =(H51/H50)-1 -> 0.0052426856 | R51: =(I51/I50)-1 -> -0.0057598053 | S51: =(J51/J50)-1 -> 0.011008048 | T51: =(K51/K50)-1 -> 0.003958154 | V51: Risk Free Rate | W51: Rf | X51: 0.05
E52: 44363 | F52: 2774.05 | G52: 2041.306 | H52: 1488 | I52: 668.54999 | J52: 1505.85 | K52: 13510.6 | L52: =($B$22*$F52)+($B$23*$G52)+($B$24*$H52)+($B$25*$I52)+($B$26*$J52) -> 1808.7501 | M52: =(L52/L51)-1 -> 0.020753759 | O52: =(F52/F51)-1 -> 0.087948073 | P52: =(G52/G51)-1 -> -0.017066691 | Q52: =(H52/H51)-1 -> 0.001345895 | R52: =(I52/I51)-1 -> -0.0069073439 | S52: =(J52/J51)-1 -> -0.0093092263 | T52: =(K52/K51)-1 -> -0.0071429766 | V52: Annual Return | W52: Rp | X52: 0.4125
E53: 44364 | F53: 2693.6499 | G53: 2045.0442 | H53: 1466 | I53: 665.04999 | J53: 1481 | K53: 13425.15 | L53: =($B$22*$F53)+($B$23*$G53)+($B$24*$H53)+($B$25*$I53)+($B$26*$J53) -> 1785.2222 | M53: =(L53/L52)-1 -> -0.013007826 | O53: =(F53/F52)-1 -> -0.028982948 | P53: =(G53/G52)-1 -> 0.0018312585 | Q53: =(H53/H52)-1 -> -0.014784946 | R53: =(I53/I52)-1 -> -0.0052352106 | S53: =(J53/J52)-1 -> -0.016502292 | T53: =(K53/K52)-1 -> -0.0063246059 | V53: Annual Standard Deviation | W53: σ | X53: 0.1079
E54: 44365 | F54: 2645.3999 | G54: 2054.2742 | H54: 1469.5 | I54: 668.5 | J54: 1487.55 | K54: 13386.55 | L54: =($B$22*$F54)+($B$23*$G54)+($B$24*$H54)+($B$25*$I54)+($B$26*$J54) -> 1779.2751 | M54: =(L54/L53)-1 -> -0.0033312966 | O54: =(F54/F53)-1 -> -0.017912499 | P54: =(G54/G53)-1 -> 0.0045133406 | Q54: =(H54/H53)-1 -> 0.0023874488 | R54: =(I54/I53)-1 -> 0.005187598 | S54: =(J54/J53)-1 -> 0.0044227205 | T54: =(K54/K53)-1 -> -0.0028752442
E55: 44368 | F55: 2576.1499 | G55: 2064.981 | H55: 1461.35 | I55: 671.34998 | J55: 1460 | K55: 13456.1 | L55: =($B$22*$F55)+($B$23*$G55)+($B$24*$H55)+($B$25*$I55)+($B$26*$J55) -> 1763.666 | M55: =(L55/L54)-1 -> -0.008772716 | O55: =(F55/F54)-1 -> -0.026177517 | P55: =(G55/G54)-1 -> 0.0052119562 | Q55: =(H55/H54)-1 -> -0.0055461204 | R55: =(I55/I54)-1 -> 0.0042632401 | S55: =(J55/J54)-1 -> -0.018520418 | T55: =(K55/K54)-1 -> 0.0051954988 | V55: Sharpe Ratio | X55: =((X52-X51)/X53) -> 3.3595922
E56: 44369 | F56: 2609.1499 | G56: 2054.3665 | H56: 1497 | I56: 666.79999 | J56: 1470.1 | K56: 13491.1 | L56: =($B$22*$F56)+($B$23*$G56)+($B$24*$H56)+($B$25*$I56)+($B$26*$J56) -> 1773.4882 | M56: =(L56/L55)-1 -> 0.0055691993 | O56: =(F56/F55)-1 -> 0.012809814 | P56: =(G56/G55)-1 -> -0.0051402421 | Q56: =(H56/H55)-1 -> 0.024395268 | R56: =(I56/I55)-1 -> -0.0067773712 | S56: =(J56/J55)-1 -> 0.0069177918 | T56: =(K56/K55)-1 -> 0.0026010509
E57: 44370 | F57: 2597.1499 | G57: 2035.5374 | H57: 1490 | I57: 665.25 | J57: 1505 | K57: 13423.35 | L57: =($B$22*$F57)+($B$23*$G57)+($B$24*$H57)+($B$25*$I57)+($B$26*$J57) -> 1766.7264 | M57: =(L57/L56)-1 -> -0.0038127001 | O57: =(F57/F56)-1 -> -0.0045991991 | P57: =(G57/G56)-1 -> -0.0091654052 | Q57: =(H57/H56)-1 -> -0.0046760187 | R57: =(I57/I56)-1 -> -0.0023245171 | S57: =(J57/J56)-1 -> 0.023739898 | T57: =(K57/K56)-1 -> -0.0050218294 | V57: *Sharpe Ratio = (Rp - Rf) / σ
E58: 44371 | F58: 2566.25 | G58: 1987.6798 | H58: 1490 | I58: 664.79999 | J58: 1490 | K58: 13468.25 | L58: =($B$22*$F58)+($B$23*$G58)+($B$24*$H58)+($B$25*$I58)+($B$26*$J58) -> 1742.4592 | M58: =(L58/L57)-1 -> -0.013735693 | O58: =(F58/F57)-1 -> -0.01189762 | P58: =(G58/G57)-1 -> -0.023511012 | Q58: =(H58/H57)-1 -> 0 | R58: =(I58/I57)-1 -> -0.00067645547 | S58: =(J58/J57)-1 -> -0.0099667774 | T58: =(K58/K57)-1 -> 0.0033449469
E59: 44372 | F59: 2595.55 | G59: 1942.4066 | H59: 1511.1 | I59: 672.25 | J59: 1510.5 | K59: 13539.4 | L59: =($B$22*$F59)+($B$23*$G59)+($B$24*$H59)+($B$25*$I59)+($B$26*$J59) -> 1741.0061 | M59: =(L59/L58)-1 -> -0.00083395901 | O59: =(F59/F58)-1 -> 0.011417457 | P59: =(G59/G58)-1 -> -0.022776905 | Q59: =(H59/H58)-1 -> 0.014161058 | R59: =(I59/I58)-1 -> 0.011206396 | S59: =(J59/J58)-1 -> 0.013758389 | T59: =(K59/K58)-1 -> 0.0052828238
E60: 44375 | F60: 2562.6001 | G60: 1925.3773 | H60: 1520 | I60: 676.29999 | J60: 1526 | K60: 13533.05 | L60: =($B$22*$F60)+($B$23*$G60)+($B$24*$H60)+($B$25*$I60)+($B$26*$J60) -> 1731.7522 | M60: =(L60/L59)-1 -> -0.0053152776 | O60: =(F60/F59)-1 -> -0.012694785 | P60: =(G60/G59)-1 -> -0.0087671123 | Q60: =(H60/H59)-1 -> 0.0058897652 | R60: =(I60/I59)-1 -> 0.0060245266 | S60: =(J60/J59)-1 -> 0.010261503 | T60: =(K60/K59)-1 -> -0.00046904485
E61: 44376 | F61: 2532.2 | G61: 1927.0387 | H61: 1507 | I61: 677.59998 | J61: 1513 | K61: 13481.95 | L61: =($B$22*$F61)+($B$23*$G61)+($B$24*$H61)+($B$25*$I61)+($B$26*$J61) -> 1722.3084 | M61: =(L61/L60)-1 -> -0.0054532754 | O61: =(F61/F60)-1 -> -0.011863009 | P61: =(G61/G60)-1 -> 0.00086288385 | Q61: =(H61/H60)-1 -> -0.0085526316 | R61: =(I61/I60)-1 -> 0.0019222062 | S61: =(J61/J60)-1 -> -0.0085190039 | T61: =(K61/K60)-1 -> -0.0037759124
E62: 44377 | F62: 2599.3 | G62: 1948.1293 | H62: 1498 | I62: 675.45001 | J62: 1516 | K62: 13473.55 | L62: =($B$22*$F62)+($B$23*$G62)+($B$24*$H62)+($B$25*$I62)+($B$26*$J62) -> 1742.7779 | M62: =(L62/L61)-1 -> 0.011884924 | O62: =(F62/F61)-1 -> 0.026498736 | P62: =(G62/G61)-1 -> 0.010944552 | Q62: =(H62/H61)-1 -> -0.0059721301 | R62: =(I62/I61)-1 -> -0.0031729104 | S62: =(J62/J61)-1 -> 0.0019828156 | T62: =(K62/K61)-1 -> -0.00062308419
E63: 44378 | F63: 2584.7 | G63: 1936.4072 | H63: 1502 | I63: 684.15002 | J63: 1497.1 | K63: 13454.1 | L63: =($B$22*$F63)+($B$23*$G63)+($B$24*$H63)+($B$25*$I63)+($B$26*$J63) -> 1735.9874 | M63: =(L63/L62)-1 -> -0.0038963741 | O63: =(F63/F62)-1 -> -0.0056169345 | P63: =(G63/G62)-1 -> -0.0060170776 | Q63: =(H63/H62)-1 -> 0.002670227 | R63: =(I63/I62)-1 -> 0.01288032 | S63: =(J63/J62)-1 -> -0.012467034 | T63: =(K63/K62)-1 -> -0.0014435836
E64: 44379 | F64: 2626.1499 | G64: 1965.1124 | H64: 1485 | I64: 681.25 | J64: 1500 | K64: 13494.45 | L64: =($B$22*$F64)+($B$23*$G64)+($B$24*$H64)+($B$25*$I64)+($B$26*$J64) -> 1751.7631 | M64: =(L64/L63)-1 -> 0.0090874231 | O64: =(F64/F63)-1 -> 0.016036659 | P64: =(G64/G63)-1 -> 0.014823948 | Q64: =(H64/H63)-1 -> -0.011318242 | R64: =(I64/I63)-1 -> -0.0042388714 | S64: =(J64/J63)-1 -> 0.0019370944 | T64: =(K64/K63)-1 -> 0.0029991294
E65: 44382 | F65: 2602.3999 | G65: 1984.6339 | H65: 1489.95 | I65: 680.20001 | J65: 1490 | K65: 13585.75 | L65: =($B$22*$F65)+($B$23*$G65)+($B$24*$H65)+($B$25*$I65)+($B$26*$J65) -> 1752.4272 | M65: =(L65/L64)-1 -> 0.00037910183 | O65: =(F65/F64)-1 -> -0.0090436574 | P65: =(G65/G64)-1 -> 0.0099340291 | Q65: =(H65/H64)-1 -> 0.0033333003 | R65: =(I65/I64)-1 -> -0.0015412668 | S65: =(J65/J64)-1 -> -0.0066666667 | T65: =(K65/K64)-1 -> 0.0067657299
E66: 44383 | F66: 2599.1499 | G66: 1961.1897 | H66: 1497 | I66: 673.25 | J66: 1506 | K66: 13574.15 | L66: =($B$22*$F66)+($B$23*$G66)+($B$24*$H66)+($B$25*$I66)+($B$26*$J66) -> 1745.4556 | M66: =(L66/L65)-1 -> -0.0039782595 | O66: =(F66/F65)-1 -> -0.0012488473 | P66: =(G66/G65)-1 -> -0.011812866 | Q66: =(H66/H65)-1 -> 0.0047317354 | R66: =(I66/I65)-1 -> -0.010217601 | S66: =(J66/J65)-1 -> 0.010738255 | T66: =(K66/K65)-1 -> -0.00085380704
E67: 44384 | F67: 2632.3501 | G67: 1947.5754 | H67: 1534 | I67: 680.09998 | J67: 1495 | K67: 13631 | L67: =($B$22*$F67)+($B$23*$G67)+($B$24*$H67)+($B$25*$I67)+($B$26*$J67) -> 1754.5315 | M67: =(L67/L66)-1 -> 0.0051997692 | O67: =(F67/F66)-1 -> 0.012773483 | P67: =(G67/G66)-1 -> -0.0069418364 | Q67: =(H67/H66)-1 -> 0.024716099 | R67: =(I67/I66)-1 -> 0.010174491 | S67: =(J67/J66)-1 -> -0.0073041169 | T67: =(K67/K66)-1 -> 0.0041880786
E68: 44385 | F68: 2603.5 | G68: 1931.4691 | H68: 1525 | I68: 666.90002 | J68: 1503 | K68: 13532.7 | L68: =($B$22*$F68)+($B$23*$G68)+($B$24*$H68)+($B$25*$I68)+($B$26*$J68) -> 1739.6777 | M68: =(L68/L67)-1 -> -0.0084659796 | O68: =(F68/F67)-1 -> -0.010959826 | P68: =(G68/G67)-1 -> -0.0082699354 | Q68: =(H68/H67)-1 -> -0.0058670143 | R68: =(I68/I67)-1 -> -0.019408841 | S68: =(J68/J67)-1 -> 0.0053511706 | T68: =(K68/K67)-1 -> -0.0072114889
E69: 44386 | F69: 2591.55 | G69: 1911.7169 | H69: 1512.55 | I69: 667.90002 | J69: 1497.9 | K69: 13527.95 | L69: =($B$22*$F69)+($B$23*$G69)+($B$24*$H69)+($B$25*$I69)+($B$26*$J69) -> 1728.1765 | M69: =(L69/L68)-1 -> -0.0066110896 | O69: =(F69/F68)-1 -> -0.0045899562 | P69: =(G69/G68)-1 -> -0.010226515 | Q69: =(H69/H68)-1 -> -0.0081639023 | R69: =(I69/I68)-1 -> 0.0014994751 | S69: =(J69/J68)-1 -> -0.0033931976 | T69: =(K69/K68)-1 -> -0.00035100164
... E741: 45379 | F741: 3337.05 | G741: 2971.7 | H741: 1440.7 | I741: 1620.55 | J741: 3706.55 | K741: 20255.15 | L741: =($B$22*$F741)+($B$23*$G741)+($B$24*$H741)+($B$25*$I741)+($B$26*$J741) -> 2632.3422 | M741: =(L741/L740)-1 -> 0.0089697536 | O741: =(F741/F740)-1 -> 0.027163875 | P741: =(G741/G740)-1 -> -0.0046890177 | Q741: =(H741/H740)-1 -> 0.012047277 | R741: =(I741/I740)-1 -> 0.010223498 | S741: =(J741/J740)-1 -> 0.0063942571 | T741: =(K741/K740)-1 -> 0.0083309075

Sheet Value weighted Portfolio 
A1: Let’s see some practical example and take some well know stocks from the market. | E1: Date | F1: BASF | G1: RELIANCE | H1: HDFCBANK | I1: SUNPHARMA | J1: LT | K1: PORTFOLIO VALUE | L1: Daily Return
E2: 44287 | F2: 2136.8999 | G2: 1866.1669 | H2: 1499.4 | I2: 610.75 | J2: 1432 | K2: =($B$22*$F2)+($B$23*$G2)+($B$24*$H2)+($B$25*$I2)+($B$26*$J2) -> 1554.6956
E3: 44291 | F3: 2034.95 | G3: 1839.1692 | H3: 1480 | I3: 608.79999 | J3: 1439 | K3: =($B$22*$F3)+($B$23*$G3)+($B$24*$H3)+($B$25*$I3)+($B$26*$J3) -> 1536.724 | L3: =(K3/K2)-1 -> -0.011559572
A4: Stock | B4: M.Cap (in Cr) | E4: 44292 | F4: 2101.6499 | G4: 1831.5083 | H4: 1460 | I4: 620.45001 | J4: 1405.9 | K4: =($B$22*$F4)+($B$23*$G4)+($B$24*$H4)+($B$25*$I4)+($B$26*$J4) -> 1524.385 | L4: =(K4/K3)-1 -> -0.0080293858 | O4: 2021-2024 | P4: 2021-2022 | Q4: 2022-2023 | R4: 2023-2024
A5: BASF | B5: 25872 | E5: 44293 | F5: 2094.95 | G5: 1848.6299 | H5: 1439.3 | I5: 621.04999 | J5: 1402 | K5: =($B$22*$F5)+($B$23*$G5)+($B$24*$H5)+($B$25*$I5)+($B$26*$J5) -> 1524.3734 | L5: =(K5/K4)-1 -> -7.6371505e-06 | N5: Average Daily Return: | O5: =AVERAGE(L3:L741) -> 0.00064380906 | P5: =AVERAGE(L3:L250) -> 0.00082195141 | Q5: =AVERAGE(L251:L498) -> -1.939704e-05 | R5: =AVERAGE(L499:L741) -> 0.0011388535
A6: RELIANCE | B6: 1680247 | E6: 44294 | F6: 2094.6499 | G6: 1850.9374 | H6: 1453 | I6: 614.25 | J6: 1410 | K6: =($B$22*$F6)+($B$23*$G6)+($B$24*$H6)+($B$25*$I6)+($B$26*$J6) -> 1530.1572 | L6: =(K6/K5)-1 -> 0.003794207 | N6: Annual Daily Return: | O6: =((1+O5)^252)-1 -> 0.17608095 | P6: =((1+P5)^248)-1 -> 0.22600415 | Q6: =((1+Q5)^248)-1 -> -0.0047989605 | R6: =((1+R5)^243)-1 -> 0.31861764
A7: HDFCBANK | B7: 1303196 | E7: 44295 | F7: 2068.8 | G7: 1829.4315 | H7: 1426 | I7: 636.75 | J7: 1414 | K7: =($B$22*$F7)+($B$23*$G7)+($B$24*$H7)+($B$25*$I7)+($B$26*$J7) -> 1514.8114 | L7: =(K7/K6)-1 -> -0.010028872
A8: SUNPHARMA | B8: 429960 | E8: 44298 | F8: 1940.4 | G8: 1763.9908 | H8: 1393 | I8: 619.34998 | J8: 1393.95 | K8: =($B$22*$F8)+($B$23*$G8)+($B$24*$H8)+($B$25*$I8)+($B$26*$J8) -> 1470.6514 | L8: =(K8/K7)-1 -> -0.029152164 | N8: Daily Std Dev: | O8: =_xlfn.STDEV.S(L3:L741) -> 0.0099892647 | P8: =_xlfn.STDEV.S(L3:L250) -> 0.011229822 | Q8: =_xlfn.STDEV.S(L251:L498) -> 0.010773194 | R8: =_xlfn.STDEV.S(L499:L741) -> 0.0075100459
A9: LT | B9: 493022 | E9: 44299 | F9: 2118.3501 | G9: 1783.0508 | H9: 1368 | I9: 627.34998 | J9: 1347.25 | K9: =($B$22*$F9)+($B$23*$G9)+($B$24*$H9)+($B$25*$I9)+($B$26*$J9) -> 1466.7008 | L9: =(K9/K8)-1 -> -0.002686304 | N9: Annual Std Dev: | O9: =O8*SQRT(252) -> 0.15857466 | P9: =P8*SQRT(248) -> 0.17684741 | Q9: =Q8*SQRT(248) -> 0.16965642 | R9: =R8*SQRT(243) -> 0.11707003
E10: 44301 | F10: 2083.5 | G10: 1794.5883 | H10: 1405 | I10: 633.25 | J10: 1378.95 | K10: =($B$22*$F10)+($B$23*$G10)+($B$24*$H10)+($B$25*$I10)+($B$26*$J10) -> 1488.2831 | L10: =(K10/K9)-1 -> 0.014714854
A11: Sum of all the stocks is calculated as: | E11: 44302 | F11: 2099.8999 | G11: 1783.3276 | H11: 1434.95 | I11: 646.04999 | J11: 1360.5 | K11: =($B$22*$F11)+($B$23*$G11)+($B$24*$H11)+($B$25*$I11)+($B$26*$J11) -> 1492.5914 | L11: =(K11/K10)-1 -> 0.0028948237
A12: Sum of all the Values | B12: =SUM(B5:B9) -> 3932297 | E12: 44305 | F12: 2027.6 | G12: 1755.2684 | H12: 1390 | I12: 640.65002 | J12: 1340 | K12: =($B$22*$F12)+($B$23*$G12)+($B$24*$H12)+($B$25*$I12)+($B$26*$J12) -> 1462.0687 | L12: =(K12/K11)-1 -> -0.020449456
E13: 44306 | F13: 2020.15 | G13: 1754.7609 | H13: 1425 | I13: 645.15002 | J13: 1320 | K13: =($B$22*$F13)+($B$23*$G13)+($B$24*$H13)+($B$25*$I13)+($B$26*$J13) -> 1471.3866 | L13: =(K13/K12)-1 -> 0.0063730763
A14: Number of stocks | B14: 5 | E14: 44308 | F14: 2033 | G14: 1759.6066 | H14: 1380 | I14: 639.95001 | J14: 1310 | K14: =($B$22*$F14)+($B$23*$G14)+($B$24*$H14)+($B$25*$I14)+($B$26*$J14) -> 1456.8059 | L14: =(K14/K13)-1 -> -0.0099094552 | N14: =CORREL(F2:F741,G2:G741) -> 0.40294966
E15: 44309 | F15: 1969.65 | G15: 1757.7145 | H15: 1409 | I15: 637.95001 | J15: 1330 | K15: =($B$22*$F15)+($B$23*$G15)+($B$24*$H15)+($B$25*$I15)+($B$26*$J15) -> 1467.4804 | L15: =(K15/K14)-1 -> 0.0073272847 | N15: =CORREL(F2:F741,J2:J741) -> 0.17008539
E16: 44312 | F16: 1977.5 | G16: 1788.6349 | H16: 1413 | I16: 634.70001 | J16: 1330.05 | K16: =($B$22*$F16)+($B$23*$G16)+($B$24*$H16)+($B$25*$I16)+($B$26*$J16) -> 1481.7207 | L16: =(K16/K15)-1 -> 0.0097039154
E17: 44313 | F17: 2014.8 | G17: 1835.5233 | H17: 1407.25 | I17: 639.25 | J17: 1339 | K17: =($B$22*$F17)+($B$23*$G17)+($B$24*$H17)+($B$25*$I17)+($B$26*$J17) -> 1501.7153 | L17: =(K17/K16)-1 -> 0.013494162
E18: 44314 | F18: 2051.1499 | G18: 1843.5072 | H18: 1436.25 | I18: 643.40002 | J18: 1384.85 | K18: =($B$22*$F18)+($B$23*$G18)+($B$24*$H18)+($B$25*$I18)+($B$26*$J18) -> 1521.1791 | L18: =(K18/K17)-1 -> 0.012961042
A19: Price Index | B19: =B12/B14 -> 786459.4 | E19: 44315 | F19: 2073.95 | G19: 1868.1975 | H19: 1486.2 | I19: 644.5 | J19: 1383.95 | K19: =($B$22*$F19)+($B$23*$G19)+($B$24*$H19)+($B$25*$I19)+($B$26*$J19) -> 1548.4403 | L19: =(K19/K18)-1 -> 0.017921158 | N19: 2021-2024
E20: 44316 | F20: 2228.75 | G20: 1840.9229 | H20: 1445 | I20: 654.45001 | J20: 1350 | K20: =($B$22*$F20)+($B$23*$G20)+($B$24*$H20)+($B$25*$I20)+($B$26*$J20) -> 1520.9819 | L20: =(K20/K19)-1 -> -0.017732968 | N20: Variable | O20: Abbreviation | P20: Portfolio | Q20: CAPM Model Used (Assumption)
A21: Stock | B21: Weights | E21: 44319 | F21: 2282.8999 | G21: 1808.2025 | H21: 1393 | I21: 659.20001 | J21: 1325.5 | K21: =($B$22*$F21)+($B$23*$G21)+($B$24*$H21)+($B$25*$I21)+($B$26*$J21) -> 1487.5714 | L21: =(K21/K20)-1 -> -0.021966435 | N21: Risk Free Rate | O21: Rf | P21: 0.05
A22: BASF | B22: =B5/$B$12 -> 0.0065793606 | E22: 44320 | F22: 2281.55 | G22: 1769.0211 | H22: 1409.95 | I22: 645.15002 | J22: 1350 | K22: =($B$22*$F22)+($B$23*$G22)+($B$24*$H22)+($B$25*$I22)+($B$26*$J22) -> 1477.9734 | L22: =(K22/K21)-1 -> -0.0064521184 | N22: Annual Return | O22: Rp | P22: 0.1761
A23: RELIANCE | B23: =B6/$B$12 -> 0.42729402 | E23: 44321 | F23: 2320.7 | G23: 1772.2517 | H23: 1401 | I23: 683.40002 | J23: 1342.2 | K23: =($B$22*$F23)+($B$23*$G23)+($B$24*$H23)+($B$25*$I23)+($B$26*$J23) -> 1479.8496 | L23: =(K23/K22)-1 -> 0.0012694643 | N23: Annual Standard Deviation | O23: σ | P23: 0.1586
A24: HDFCBANK | B24: =B7/$B$12 -> 0.33140833 | E24: 44322 | F24: 2294.8999 | G24: 1782.3124 | H24: 1407.6 | I24: 679.40002 | J24: 1344 | K24: =($B$22*$F24)+($B$23*$G24)+($B$24*$H24)+($B$25*$I24)+($B$26*$J24) -> 1485.9543 | L24: =(K24/K23)-1 -> 0.0041252341
A25: SUNPHARMA | B25: =B8/$B$12 -> 0.10934067 | E25: 44323 | F25: 2451.7 | G25: 1783.0046 | H25: 1412.95 | I25: 679.45001 | J25: 1347 | K25: =($B$22*$F25)+($B$23*$G25)+($B$24*$H25)+($B$25*$I25)+($B$26*$J25) -> 1489.4364 | L25: =(K25/K24)-1 -> 0.002343321 | N25: Sharpe Ratio | P25: =(P22-P21)/P23 -> 0.79508197
A26: LT | B26: =B9/$B$12 -> 0.12537761 | E26: 44326 | F26: 2480.45 | G26: 1777.882 | H26: 1427 | I26: 698.20001 | J26: 1347 | K26: =($B$22*$F26)+($B$23*$G26)+($B$24*$H26)+($B$25*$I26)+($B$26*$J26) -> 1494.1431 | L26: =(K26/K25)-1 -> 0.0031600588
A27: Sum of Weights | B27: =SUM(B22:B26) -> 1 | E27: 44327 | F27: 2493.6001 | G27: 1784.2969 | H27: 1396 | I27: 708.09998 | J27: 1380 | K27: =($B$22*$F27)+($B$23*$G27)+($B$24*$H27)+($B$25*$I27)+($B$26*$J27) -> 1491.9169 | L27: =(K27/K26)-1 -> -0.0014899197 | N27: *Sharpe Ratio = (Rp - Rf) / σ
E28: 44328 | F28: 2409.6499 | G28: 1765.8368 | H28: 1399.75 | I28: 702.84998 | J28: 1380 | K28: =($B$22*$F28)+($B$23*$G28)+($B$24*$H28)+($B$25*$I28)+($B$26*$J28) -> 1484.1455 | L28: =(K28/K27)-1 -> -0.005209056 | N28: 2021-2022
E29: 44330 | F29: 2471.1499 | G29: 1788.1273 | H29: 1394.35 | I29: 691.45001 | J29: 1394 | K29: =($B$22*$F29)+($B$23*$G29)+($B$24*$H29)+($B$25*$I29)+($B$26*$J29) -> 1492.7939 | L29: =(K29/K28)-1 -> 0.0058272141 | N29: Variable | O29: Abbreviation | P29: Portfolio | Q29: CAPM Model Used (Assumption)
E30: 44333 | F30: 2389.45 | G30: 1809.4025 | H30: 1395.15 | I30: 687.15002 | J30: 1433 | K30: =($B$22*$F30)+($B$23*$G30)+($B$24*$H30)+($B$25*$I30)+($B$26*$J30) -> 1506.0318 | L30: =(K30/K29)-1 -> 0.0088678789 | N30: Risk Free Rate | O30: Rf | P30: 0.05
E31: 44334 | F31: 2497.55 | G31: 1834.8772 | H31: 1458.95 | I31: 690.79999 | J31: 1405 | K31: =($B$22*$F31)+($B$23*$G31)+($B$24*$H31)+($B$25*$I31)+($B$26*$J31) -> 1535.6606 | L31: =(K31/K30)-1 -> 0.019673405 | N31: Annual Return | O31: Rp | P31: 0.226
E32: 44335 | F32: 2452.8 | G32: 1843.2765 | H32: 1470.2 | I32: 703.40002 | J32: 1414 | K32: =($B$22*$F32)+($B$23*$G32)+($B$24*$H32)+($B$25*$I32)+($B$26*$J32) -> 1545.1896 | L32: =(K32/K31)-1 -> 0.0062051339 | N32: Annual Standard Deviation | O32: σ | P32: 0.1768
E33: 44336 | F33: 2465.95 | G33: 1832.5236 | H33: 1458.35 | I33: 686.84998 | J33: 1410.8 | K33: =($B$22*$F33)+($B$23*$G33)+($B$24*$H33)+($B$25*$I33)+($B$26*$J33) -> 1534.5434 | L33: =(K33/K32)-1 -> -0.0068898474
E34: 44337 | F34: 2443.55 | G34: 1848.353 | H34: 1443 | I34: 690.40002 | J34: 1415 | K34: =($B$22*$F34)+($B$23*$G34)+($B$24*$H34)+($B$25*$I34)+($B$26*$J34) -> 1536.9875 | L34: =(K34/K33)-1 -> 0.0015927174 | N34: Sharpe Ratio | P34: =((P31-P30)/P32) -> 0.99547511
E35: 44340 | F35: 2405.3501 | G35: 1832.7543 | H35: 1503.25 | I35: 690.95001 | J35: 1420 | K35: =($B$22*$F35)+($B$23*$G35)+($B$24*$H35)+($B$25*$I35)+($B$26*$J35) -> 1550.7253 | L35: =(K35/K34)-1 -> 0.0089381273
E36: 44341 | F36: 2403.5 | G36: 1811.9868 | H36: 1510.5 | I36: 696.09998 | J36: 1460 | K36: =($B$22*$F36)+($B$23*$G36)+($B$24*$H36)+($B$25*$I36)+($B$26*$J36) -> 1549.8203 | L36: =(K36/K35)-1 -> -0.00058364101 | N36: *Sharpe Ratio = (Rp - Rf) / σ
E37: 44342 | F37: 2340.05 | G37: 1818.3555 | H37: 1480 | I37: 703.79999 | J37: 1458.9 | K37: =($B$22*$F37)+($B$23*$G37)+($B$24*$H37)+($B$25*$I37)+($B$26*$J37) -> 1542.7202 | L37: =(K37/K36)-1 -> -0.0045812505 | N37: 2022-2023
E38: 44343 | F38: 2374.05 | G38: 1823.9397 | H38: 1473.1 | I38: 699.5 | J38: 1475.95 | K38: =($B$22*$F38)+($B$23*$G38)+($B$24*$H38)+($B$25*$I38)+($B$26*$J38) -> 1544.7107 | L38: =(K38/K37)-1 -> 0.0012903154 | N38: Variable | O38: Abbreviation | P38: Portfolio | Q38: CAPM Model Used (Assumption)
E39: 44344 | F39: 2364.7 | G39: 1933.4998 | H39: 1490.9 | I39: 669.75 | J39: 1487.1 | K39: =($B$22*$F39)+($B$23*$G39)+($B$24*$H39)+($B$25*$I39)+($B$26*$J39) -> 1595.5078 | L39: =(K39/K38)-1 -> 0.032884476 | N39: Risk Free Rate | O39: Rf | P39: 0.05
E40: 44347 | F40: 2424.3 | G40: 1993.9562 | H40: 1500 | I40: 668.29999 | J40: 1472.3 | K40: =($B$22*$F40)+($B$23*$G40)+($B$24*$H40)+($B$25*$I40)+($B$26*$J40) -> 1622.7342 | L40: =(K40/K39)-1 -> 0.017064462 | N40: Annual Return | O40: Rp | P40: -0.0048
E41: 44348 | F41: 2459.6001 | G41: 2001.894 | H41: 1520.3 | I41: 671.04999 | J41: 1465.95 | K41: =($B$22*$F41)+($B$23*$G41)+($B$24*$H41)+($B$25*$I41)+($B$26*$J41) -> 1632.5904 | L41: =(K41/K40)-1 -> 0.0060738144 | N41: Annual Standard Deviation | O41: σ | P41: 0.1697
E42: 44349 | F42: 2499 | G42: 2031.7531 | H42: 1510 | I42: 677.45001 | J42: 1468.3 | K42: =($B$22*$F42)+($B$23*$G42)+($B$24*$H42)+($B$25*$I42)+($B$26*$J42) -> 1643.1891 | L42: =(K42/K41)-1 -> 0.0064919606
E43: 44350 | F43: 2526 | G43: 2039.5062 | H43: 1508 | I43: 675.5 | J43: 1480.1 | K43: =($B$22*$F43)+($B$23*$G43)+($B$24*$H43)+($B$25*$I43)+($B$26*$J43) -> 1647.2831 | L43: =(K43/K42)-1 -> 0.0024914612 | N43: Sharpe Ratio | P43: =((P40-P39)/P41) -> -0.3229228
E44: 44351 | F44: 2499.6499 | G44: 2021.8308 | H44: 1516 | I44: 673.95001 | J44: 1518.95 | K44: =($B$22*$F44)+($B$23*$G44)+($B$24*$H44)+($B$25*$I44)+($B$26*$J44) -> 1646.9098 | L44: =(K44/K43)-1 -> -0.00022659068
E45: 44354 | F45: 2483 | G45: 2055.8894 | H45: 1510 | I45: 675.34998 | J45: 1545.45 | K45: =($B$22*$F45)+($B$23*$G45)+($B$24*$H45)+($B$25*$I45)+($B$26*$J45) -> 1662.8404 | L45: =(K45/K44)-1 -> 0.0096730355 | N45: *Sharpe Ratio = (Rp - Rf) / σ
E46: 44355 | F46: 2517.55 | G46: 2044.0751 | H46: 1496.55 | I46: 678.75 | J46: 1561 | K46: =($B$22*$F46)+($B$23*$G46)+($B$24*$H46)+($B$25*$I46)+($B$26*$J46) -> 1655.8835 | L46: =(K46/K45)-1 -> -0.0041837525 | N46: 2023-2024
E47: 44356 | F47: 2510.45 | G47: 2007.5243 | H47: 1483.9 | I47: 672.84998 | J47: 1550 | K47: =($B$22*$F47)+($B$23*$G47)+($B$24*$H47)+($B$25*$I47)+($B$26*$J47) -> 1634.0023 | L47: =(K47/K46)-1 -> -0.013214235 | N47: Variable | O47: Abbreviation | P47: Portfolio | Q47: CAPM Model Used (Assumption)
E48: 44357 | F48: 2524.2 | G48: 2014.9083 | H48: 1482.1 | I48: 676.04999 | J48: 1525 | K48: =($B$22*$F48)+($B$23*$G48)+($B$24*$H48)+($B$25*$I48)+($B$26*$J48) -> 1633.8668 | L48: =(K48/K47)-1 -> -8.2913183e-05 | N48: Risk Free Rate | O48: Rf | P48: 0.05
E49: 44358 | F49: 2513.8 | G49: 2042.7367 | H49: 1491 | I49: 681.29999 | J49: 1521 | K49: =($B$22*$F49)+($B$23*$G49)+($B$24*$H49)+($B$25*$I49)+($B$26*$J49) -> 1648.7113 | L49: =(K49/K48)-1 -> 0.0090855272 | N49: Annual Return | O49: Rp | P49: 0.3186
E50: 44361 | F50: 2530.2 | G50: 2072.042 | H50: 1478.25 | I50: 677.09998 | J50: 1503.45 | K50: =($B$22*$F50)+($B$23*$G50)+($B$24*$H50)+($B$25*$I50)+($B$26*$J50) -> 1654.4562 | L50: =(K50/K49)-1 -> 0.0034844231 | N50: Annual Standard Deviation | O50: σ | P50: 0.117
E51: 44362 | F51: 2549.8 | G51: 2076.7493 | H51: 1486 | I51: 673.20001 | J51: 1520 | K51: =($B$22*$F51)+($B$23*$G51)+($B$24*$H51)+($B$25*$I51)+($B$26*$J51) -> 1660.8135 | L51: =(K51/K50)-1 -> 0.0038425573
E52: 44363 | F52: 2774.05 | G52: 2041.306 | H52: 1488 | I52: 668.54999 | J52: 1505.85 | K52: =($B$22*$F52)+($B$23*$G52)+($B$24*$H52)+($B$25*$I52)+($B$26*$J52) -> 1645.5245 | L52: =(K52/K51)-1 -> -0.0092057166 | N52: Sharpe Ratio | P52: =((P49-P48)/P50) -> 2.2957265
E53: 44364 | F53: 2693.6499 | G53: 2045.0442 | H53: 1466 | I53: 665.04999 | J53: 1481 | K53: =($B$22*$F53)+($B$23*$G53)+($B$24*$H53)+($B$25*$I53)+($B$26*$J53) -> 1635.8035 | L53: =(K53/K52)-1 -> -0.0059075357
E54: 44365 | F54: 2645.3999 | G54: 2054.2742 | H54: 1469.5 | I54: 668.5 | J54: 1487.55 | K54: =($B$22*$F54)+($B$23*$G54)+($B$24*$H54)+($B$25*$I54)+($B$26*$J54) -> 1641.7884 | L54: =(K54/K53)-1 -> 0.0036586587 | N54: *Sharpe Ratio = (Rp - Rf) / σ
E55: 44368 | F55: 2576.1499 | G55: 2064.981 | H55: 1461.35 | I55: 671.34998 | J55: 1460 | K55: =($B$22*$F55)+($B$23*$G55)+($B$24*$H55)+($B$25*$I55)+($B$26*$J55) -> 1640.0642 | L55: =(K55/K54)-1 -> -0.0010501972
E56: 44369 | F56: 2609.1499 | G56: 2054.3665 | H56: 1497 | I56: 666.79999 | J56: 1470.1 | K56: =($B$22*$F56)+($B$23*$G56)+($B$24*$H56)+($B$25*$I56)+($B$26*$J56) -> 1648.3293 | L56: =(K56/K55)-1 -> 0.005039518
E57: 44370 | F57: 2597.1499 | G57: 2035.5374 | H57: 1490 | I57: 665.25 | J57: 1505 | K57: =($B$22*$F57)+($B$23*$G57)+($B$24*$H57)+($B$25*$I57)+($B$26*$J57) -> 1642.0911 | L57: =(K57/K56)-1 -> -0.00378454
E58: 44371 | F58: 2566.25 | G58: 1987.6798 | H58: 1490 | I58: 664.79999 | J58: 1490 | K58: =($B$22*$F58)+($B$23*$G58)+($B$24*$H58)+($B$25*$I58)+($B$26*$J58) -> 1619.5087 | L58: =(K58/K57)-1 -> -0.013752229
E59: 44372 | F59: 2595.55 | G59: 1942.4066 | H59: 1511.1 | I59: 672.25 | J59: 1510.5 | K59: =($B$22*$F59)+($B$23*$G59)+($B$24*$H59)+($B$25*$I59)+($B$26*$J59) -> 1610.7341 | L59: =(K59/K58)-1 -> -0.0054180945
E60: 44375 | F60: 2562.6001 | G60: 1925.3773 | H60: 1520 | I60: 676.29999 | J60: 1526 | K60: =($B$22*$F60)+($B$23*$G60)+($B$24*$H60)+($B$25*$I60)+($B$26*$J60) -> 1608.5765 | L60: =(K60/K59)-1 -> -0.0013395029
E61: 44376 | F61: 2532.2 | G61: 1927.0387 | H61: 1507 | I61: 677.59998 | J61: 1513 | K61: =($B$22*$F61)+($B$23*$G61)+($B$24*$H61)+($B$25*$I61)+($B$26*$J61) -> 1603.2903 | L61: =(K61/K60)-1 -> -0.0032862552
E62: 44377 | F62: 2599.3 | G62: 1948.1293 | H62: 1498 | I62: 675.45001 | J62: 1516 | K62: =($B$22*$F62)+($B$23*$G62)+($B$24*$H62)+($B$25*$I62)+($B$26*$J62) -> 1609.902 | L62: =(K62/K61)-1 -> 0.0041238521
E63: 44378 | F63: 2584.7 | G63: 1936.4072 | H63: 1502 | I63: 684.15002 | J63: 1497.1 | K63: =($B$22*$F63)+($B$23*$G63)+($B$24*$H63)+($B$25*$I63)+($B$26*$J63) -> 1604.7045 | L63: =(K63/K62)-1 -> -0.0032284948
E64: 44379 | F64: 2626.1499 | G64: 1965.1124 | H64: 1485 | I64: 681.25 | J64: 1500 | K64: =($B$22*$F64)+($B$23*$G64)+($B$24*$H64)+($B$25*$I64)+($B$26*$J64) -> 1611.6553 | L64: =(K64/K63)-1 -> 0.0043315392
E65: 44382 | F65: 2602.3999 | G65: 1984.6339 | H65: 1489.95 | I65: 680.20001 | J65: 1490 | K65: =($B$22*$F65)+($B$23*$G65)+($B$24*$H65)+($B$25*$I65)+($B$26*$J65) -> 1620.1123 | L65: =(K65/K64)-1 -> 0.0052474162
E66: 44383 | F66: 2599.1499 | G66: 1961.1897 | H66: 1497 | I66: 673.25 | J66: 1506 | K66: =($B$22*$F66)+($B$23*$G66)+($B$24*$H66)+($B$25*$I66)+($B$26*$J66) -> 1613.6559 | L66: =(K66/K65)-1 -> -0.0039851481
... E741: 45379 | F741: 3337.05 | G741: 2971.7 | H741: 1440.7 | I741: 1620.55 | J741: 3706.55 | K741: =($B$22*$F741)+($B$23*$G741)+($B$24*$H741)+($B$25*$I741)+($B$26*$J741) -> 2411.1157 | L741: =(K741/K740)-1 -> 0.0020896875

Sheet Comparison
A2: Portfolio | B2: Annualized Return(%) | C2: Annualized Risk(%) | D2: Sharpe Ratio
A3: Price Weighted | B3: =((((1+0.00085)^740)-1)) -> 0.87523283 | C3: =(0.012692917*(740)^1/2)/10 -> 0.46963793 | D3: =(87.52-5)/46.96 -> 1.7572402
A4: Value Weighted | B4: =((1+0.000643809)^740)-1 -> 0.61005021 | C4: =(0.009989265*(740)^1/2)/100 -> 0.036960281 | D4: =(61.01-5)/3.7 -> 15.137838
A5: Equal Weighted | B5: =((1+0.000790938)^740)-1 -> 0.79510367 | C5: =(0.009660065*(740)^1/2)/100 -> 0.035742241 | D5: =(79.51-5)/3.57 -> 20.871148
A6: Beta Weighted | B6: =(((1+0.000733951)^740)-1) -> 0.72103271 | C6: =(0.010304253*(740)^1/2)/10 -> 0.38125736 | D6: =(72.1-5)/38.13 -> 1.7597692
A7: Market | B7: 0.112 | C7: 0.1419 | D7: 0.3
A9: Performance Analysis Price Weighted Portfolio The Price Weighted Portfolio demonstrates an impressive annualized return of 87.52%, significantly outperforming the market. However, this comes with a high annualized risk of 46.96%, resulting in a relatively modest Sharpe Ratio of 1.757. This portfolio is suitable for aggressive, risk-tolerant investors seeking high returns despite volatility. The high risk likely stems from the over-reliance on the prices of higher-value stocks, amplifying exposure to market fluctuations. Value Weighted Portfolio The Value Weighted Portfolio stands out for its 61.01% return and remarkably low risk of 3.70%, which results in an exceptionally high Sharpe Ratio of 15.138, the second-best among all portfolios. This indicates superior risk-adjusted performance, making it ideal for conservative investors who prefer stability and consistent gains. The performance reflects the weighting of stocks based on market capitalization, reducing the portfolio's exposure to small, volatile stocks. Equal Weighted Portfolio With an annualized return of 79.51% and a very low risk of 3.57%, the Equal Weighted Portfolio achieves the highest Sharpe Ratio of 20.871. This portfolio's equal allocation among all stocks balances risk and reward exceptionally well, providing steady growth. It is the most efficient portfolio for investors seeking strong returns with minimal volatility. Beta Weighted Portfolio The Beta Weighted Portfolio delivers a high return of 72.10% with a risk of 38.13%, resulting in a Sharpe Ratio of 1.760. While the returns are competitive, the elevated risk makes it less attractive compared to value and equal-weighted portfolios. This portfolio’s performance reflects the influence of stocks with higher beta, which tend to amplify market movements and increase volatility. Market Portfolio The Market Portfolio serves as the benchmark with a modest annualized return of 11.20% and a risk of 14.19%, resulting in a Sharpe Ratio of 0.300. This portfolio represents average market performance and lacks the optimization observed in the custom portfolios.

Sheet EMH Hypothysis

Sheet Correlation Matrix Final
B1: BASF | C1: RELIANCE | D1: HDFCBANK | E1: SUNPHARMA | F1: LT
A2: BASF | B2: 1
A3: RELIANCE | B3: 0.1773995 | C3: 1
A4: HDFCBANK | B4: 0.071295156 | C4: 0.11432477 | D4: 1
A5: SUNPHARMA | B5: 0.16479297 | C5: 0.1893693 | D5: 0.043412041 | E5: 1
A6: LT | B6: 0.090896324 | C6: 0.1094376 | D6: 0.34826412 | E6: 0.0040090439 | F6: 1
